Datetime,ogn_close,ogn_volume,btc_close,btc_volume,pct_change,movement
2025-01-02 21:00:00,0.12,0,96764.82,0,0.0,stable
2025-01-02 22:00:00,0.12,37998,96892.86,0,0.0,stable
2025-01-02 23:00:00,0.12,67580,96938.01,0,0.0,stable
2025-01-03 00:00:00,0.12,124314,96948.35,0,0.0,stable
2025-01-03 01:00:00,0.12,0,96724.88,0,0.0,stable
2025-01-03 02:00:00,0.12,67344,96672.33,0,0.0,stable
2025-01-03 03:00:00,0.12,225210,96498.98,0,0.0,stable
2025-01-03 04:00:00,0.12,108936,96270.57,154279936,0.0,stable
2025-01-03 05:00:00,0.12,0,96057.69,0,0.0,stable
2025-01-03 06:00:00,0.12,0,96527.8,0,0.0,stable
2025-01-03 07:00:00,0.12,0,96425.11,0,0.0,stable
2025-01-03 08:00:00,0.12,0,96720.28,0,8.333333333333341,up
2025-01-03 09:00:00,0.13,303952,96602.8,0,0.0,stable
2025-01-03 10:00:00,0.13,341004,96469.64,0,0.0,stable
2025-01-03 11:00:00,0.13,0,96973.12,0,0.0,stable
2025-01-03 12:00:00,0.13,181798,97528.33,0,0.0,stable
2025-01-03 13:00:00,0.13,0,97813.88,90247168,0.0,stable
2025-01-03 14:00:00,0.13,0,97985.18,0,0.0,stable
2025-01-03 15:00:00,0.13,0,98460.97,0,0.0,stable
2025-01-03 16:00:00,0.13,0,98535.62,198766592,0.0,stable
2025-01-03 17:00:00,0.13,0,98351.06,24096768,0.0,stable
2025-01-03 18:00:00,0.13,65001,98252.52,172720128,0.0,stable
2025-01-03 19:00:00,0.13,0,98270.5,0,0.0,stable
2025-01-03 20:00:00,0.13,0,98101.7,0,0.0,stable
2025-01-03 21:00:00,0.13,0,97915.7,596103168,0.0,stable
2025-01-03 22:00:00,0.13,152109,98001.75,306081792,0.0,stable
2025-01-03 23:00:00,0.13,208548,98221.45,0,0.0,stable
2025-01-04 00:00:00,0.13,0,98197.26,0,0.0,stable
2025-01-04 01:00:00,0.13,226251,97940.38,0,0.0,stable
2025-01-04 02:00:00,0.13,110859,98099.11,0,0.0,stable
2025-01-04 03:00:00,0.13,0,98086.85,0,0.0,stable
2025-01-04 04:00:00,0.13,0,98209.87,0,0.0,stable
2025-01-04 05:00:00,0.13,101182,97913.05,0,0.0,stable
2025-01-04 06:00:00,0.13,13614,97653.55,0,0.0,stable
2025-01-04 07:00:00,0.13,0,97761.04,0,0.0,stable
2025-01-04 08:00:00,0.13,0,97864.3,0,0.0,stable
2025-01-04 09:00:00,0.13,14409,97855.61,0,0.0,stable
2025-01-04 10:00:00,0.13,0,97961.48,0,0.0,stable
2025-01-04 11:00:00,0.13,222951,98025.88,0,0.0,stable
2025-01-04 12:00:00,0.13,0,97659.48,0,0.0,stable
2025-01-04 13:00:00,0.13,0,97690.08,0,0.0,stable
2025-01-04 14:00:00,0.13,0,98029.88,0,0.0,stable
2025-01-04 15:00:00,0.13,0,97937.87,0,0.0,stable
2025-01-04 16:00:00,0.13,0,98186.7,0,0.0,stable
2025-01-04 17:00:00,0.13,0,98584.47,0,0.0,stable
2025-01-04 18:00:00,0.13,0,98341.53,0,0.0,stable
2025-01-04 19:00:00,0.13,0,98446.54,0,0.0,stable
2025-01-04 20:00:00,0.13,0,98256.76,0,0.0,stable
2025-01-04 21:00:00,0.13,0,98221.91,0,0.0,stable
2025-01-04 22:00:00,0.13,0,98077.84,0,0.0,stable
2025-01-04 23:00:00,0.13,0,98186.05,0,0.0,stable
2025-01-05 00:00:00,0.13,0,98134.3,0,0.0,stable
2025-01-05 01:00:00,0.13,0,98332.76,0,0.0,stable
2025-01-05 02:00:00,0.13,0,98339.25,0,0.0,stable
2025-01-05 03:00:00,0.13,0,98445.27,0,0.0,stable
2025-01-05 04:00:00,0.13,0,98270.06,0,0.0,stable
2025-01-05 05:00:00,0.13,0,97807.65,327247872,0.0,stable
2025-01-05 06:00:00,0.13,0,97675.57,0,0.0,stable
2025-01-05 07:00:00,0.13,297459,97706.41,41971712,0.0,stable
2025-01-05 08:00:00,0.13,188199,97628.16,0,0.0,stable
2025-01-05 09:00:00,0.13,0,97807.7,0,0.0,stable
2025-01-05 10:00:00,0.13,0,97708.75,0,0.0,stable
2025-01-05 11:00:00,0.13,0,97835.7,686024704,0.0,stable
2025-01-05 12:00:00,0.13,0,98006.15,0,0.0,stable
2025-01-05 13:00:00,0.13,0,98010.08,0,0.0,stable
2025-01-05 14:00:00,0.13,99890,97690.55,167047168,0.0,stable
2025-01-05 15:00:00,0.13,0,97899.23,117843968,0.0,stable
2025-01-05 16:00:00,0.13,18461,98029.26,0,0.0,stable
2025-01-05 17:00:00,0.13,350305,98235.41,261285888,0.0,stable
2025-01-05 18:00:00,0.13,139291,98501.03,0,0.0,stable
2025-01-05 19:00:00,0.13,213056,98661.17,156831744,0.0,stable
2025-01-05 20:00:00,0.13,34266,98319.66,441120768,0.0,stable
2025-01-05 21:00:00,0.13,0,98218.19,581666816,0.0,stable
2025-01-05 22:00:00,0.13,39388,98650.72,628277248,0.0,stable
2025-01-05 23:00:00,0.13,335859,98780.54,2357067776,0.0,stable
2025-01-06 00:00:00,0.13,133917,99005.16,731191296,0.0,stable
2025-01-06 01:00:00,0.13,0,99435.41,567019520,0.0,stable
2025-01-06 02:00:00,0.13,163566,99609.35,1216198656,0.0,stable
2025-01-06 03:00:00,0.13,0,99537.57,974700544,0.0,stable
2025-01-06 04:00:00,0.13,92542,99292.62,905590784,0.0,stable
2025-01-06 05:00:00,0.13,0,99060.22,213057536,0.0,stable
2025-01-06 06:00:00,0.13,0,98956.34,444694528,0.0,stable
2025-01-06 07:00:00,0.13,0,98721.34,234340352,0.0,stable
2025-01-06 08:00:00,0.13,0,99218.11,873029632,0.0,stable
2025-01-06 09:00:00,0.13,0,99127.05,616779776,0.0,stable
2025-01-06 10:00:00,0.13,0,99478.17,892131328,0.0,stable
2025-01-06 11:00:00,0.13,0,100921.55,3502241792,0.0,stable
2025-01-06 12:00:00,0.13,644692,102174.23,5847633920,0.0,stable
2025-01-06 13:00:00,0.13,332810,102157.24,3222777856,0.0,stable
2025-01-06 14:00:00,0.13,364459,101832.23,2446413824,0.0,stable
2025-01-06 15:00:00,0.13,116144,101884.0,1324244992,0.0,stable
2025-01-06 16:00:00,0.13,0,101854.24,1000026112,0.0,stable
2025-01-06 17:00:00,0.13,0,102102.73,1140572160,0.0,stable
2025-01-06 18:00:00,0.13,75237,101639.06,1377091584,0.0,stable
2025-01-06 19:00:00,0.13,0,102077.37,203239424,0.0,stable
2025-01-06 20:00:00,0.13,48313,102228.51,0,0.0,stable
2025-01-06 21:00:00,0.13,31302,102081.64,687124480,0.0,stable
2025-01-06 22:00:00,0.13,126802,101947.42,4702208,0.0,stable
2025-01-06 23:00:00,0.13,0,101724.95,0,0.0,stable
2025-01-07 00:00:00,0.13,0,101742.04,0,0.0,stable
2025-01-07 01:00:00,0.13,32069,101742.27,0,0.0,stable
2025-01-07 02:00:00,0.13,0,101750.33,0,0.0,stable
2025-01-07 03:00:00,0.13,0,101826.76,0,0.0,stable
2025-01-07 04:00:00,0.13,0,101686.38,0,0.0,stable
2025-01-07 05:00:00,0.13,0,101906.23,0,0.0,stable
2025-01-07 06:00:00,0.13,0,101755.05,0,0.0,stable
2025-01-07 07:00:00,0.13,0,101430.98,223154176,-7.692307692307699,down
2025-01-07 08:00:00,0.12,0,100897.82,832135168,0.0,stable
2025-01-07 09:00:00,0.12,185012,100747.62,470818816,8.333333333333341,up
2025-01-07 10:00:00,0.13,0,100655.07,0,-7.692307692307699,down
2025-01-07 11:00:00,0.12,0,99929.65,0,0.0,stable
2025-01-07 12:00:00,0.12,2030099,97960.39,4359987200,0.0,stable
2025-01-07 13:00:00,0.12,99870,97800.84,798781440,0.0,stable
2025-01-07 14:00:00,0.12,0,97262.22,768028672,-8.33333333333333,down
2025-01-07 15:00:00,0.11,135981,96701.29,1068425216,0.0,stable
2025-01-07 16:00:00,0.11,155198,96496.67,1145810944,0.0,stable
2025-01-07 17:00:00,0.11,309314,96440.13,1122418688,0.0,stable
2025-01-07 18:00:00,0.11,129854,96613.1,280469504,0.0,stable
2025-01-07 19:00:00,0.11,131918,97092.27,771493888,0.0,stable
2025-01-07 20:00:00,0.11,0,96936.19,627290112,0.0,stable
2025-01-07 21:00:00,0.11,50587,97216.32,0,0.0,stable
2025-01-07 22:00:00,0.11,0,96858.09,187428864,0.0,stable
2025-01-07 23:00:00,0.11,17804,96920.13,558931968,0.0,stable
2025-01-08 00:00:00,0.11,197167,96480.57,1134739456,0.0,stable
2025-01-08 01:00:00,0.11,100159,96214.9,1326727168,0.0,stable
2025-01-08 02:00:00,0.11,87219,96483.86,815353856,0.0,stable
2025-01-08 03:00:00,0.11,244168,95294.07,1592717312,0.0,stable
2025-01-08 04:00:00,0.11,217666,95692.39,1667932160,0.0,stable
2025-01-08 05:00:00,0.11,126350,95939.73,801705984,0.0,stable
2025-01-08 06:00:00,0.11,22504,95549.52,61014016,0.0,stable
2025-01-08 07:00:00,0.11,173646,95919.73,157958144,0.0,stable
2025-01-08 08:00:00,0.11,17982,95161.72,391647232,0.0,stable
2025-01-08 09:00:00,0.11,0,94857.25,650387456,0.0,stable
2025-01-08 10:00:00,0.11,177932,95385.06,1394085888,0.0,stable
2025-01-08 11:00:00,0.11,309958,95245.23,686317568,0.0,stable
2025-01-08 12:00:00,0.11,0,95359.9,0,0.0,stable
2025-01-08 13:00:00,0.11,0,94741.96,0,-9.090909090909086,down
2025-01-08 14:00:00,0.1,347998,93927.95,2712739840,9.999999999999995,up
2025-01-08 15:00:00,0.11,109331,94212.68,990150656,0.0,stable
2025-01-08 16:00:00,0.11,2018,94258.36,189091840,0.0,stable
2025-01-08 17:00:00,0.11,0,93937.09,0,0.0,stable
2025-01-08 18:00:00,0.11,0,94468.34,0,0.0,stable
2025-01-08 19:00:00,0.11,169732,95233.44,145629184,0.0,stable
2025-01-08 20:00:00,0.11,0,95038.31,0,0.0,stable
2025-01-08 21:00:00,0.11,0,95094.16,0,0.0,stable
2025-01-08 22:00:00,0.11,0,94951.86,0,0.0,stable
2025-01-08 23:00:00,0.11,272786,94650.48,2434740224,0.0,stable
2025-01-09 00:00:00,0.11,0,94026.61,0,0.0,stable
2025-01-09 01:00:00,0.11,0,94443.27,0,0.0,stable
2025-01-09 02:00:00,0.11,0,94431.6,0,0.0,stable
2025-01-09 03:00:00,0.11,0,94059.27,0,0.0,stable
2025-01-09 04:00:00,0.11,14980,93219.72,0,0.0,stable
2025-01-09 05:00:00,0.11,240055,92945.71,1544724480,0.0,stable
2025-01-09 06:00:00,0.11,231707,93497.99,701202432,0.0,stable
2025-01-09 07:00:00,0.11,0,93391.91,178372608,0.0,stable
2025-01-09 08:00:00,0.11,0,93409.71,0,0.0,stable
2025-01-09 09:00:00,0.11,0,93349.7,0,-9.090909090909086,down
2025-01-09 10:00:00,0.1,150324,92103.41,1102098432,0.0,stable
2025-01-09 11:00:00,0.1,136935,92699.45,662974464,9.999999999999995,up
2025-01-09 12:00:00,0.11,297765,94250.75,0,0.0,stable
2025-01-09 13:00:00,0.11,122170,94192.74,0,0.0,stable
2025-01-09 14:00:00,0.11,0,92792.54,0,0.0,stable
2025-01-09 15:00:00,0.11,0,93066.91,0,-9.090909090909086,down
2025-01-09 16:00:00,0.1,0,92068.38,0,0.0,stable
2025-01-09 17:00:00,0.1,249261,92116.29,2925056000,0.0,stable
2025-01-09 18:00:00,0.1,49490,92068.66,665714688,9.999999999999995,up
2025-01-09 19:00:00,0.11,0,92511.66,732758016,0.0,stable
2025-01-09 20:00:00,0.11,35008,92480.14,660291584,0.0,stable
2025-01-09 21:00:00,0.11,91184,92773.16,476803072,0.0,stable
2025-01-09 22:00:00,0.11,0,93083.65,296976384,0.0,stable
2025-01-09 23:00:00,0.11,0,93378.05,0,0.0,stable
2025-01-10 00:00:00,0.11,0,93696.38,0,0.0,stable
2025-01-10 01:00:00,0.11,0,93791.88,0,0.0,stable
2025-01-10 02:00:00,0.11,0,93934.23,625934336,0.0,stable
2025-01-10 03:00:00,0.11,0,94279.78,373960704,0.0,stable
2025-01-10 04:00:00,0.11,37603,94527.3,194875392,0.0,stable
2025-01-10 05:00:00,0.11,0,94676.39,0,0.0,stable
2025-01-10 06:00:00,0.11,26622,94794.05,0,0.0,stable
2025-01-10 07:00:00,0.11,0,95208.7,0,0.0,stable
2025-01-10 08:00:00,0.11,0,94957.4,0,0.0,stable
2025-01-10 09:00:00,0.11,0,95039.09,0,0.0,stable
2025-01-10 10:00:00,0.11,245685,93644.75,1369354240,0.0,stable
2025-01-10 11:00:00,0.11,5909,94111.41,1331318784,0.0,stable
2025-01-10 12:00:00,0.11,214316,93852.59,2698424320,0.0,stable
2025-01-10 13:00:00,0.11,0,93699.99,1081085952,0.0,stable
2025-01-10 14:00:00,0.11,76678,95742.3,1464971264,0.0,stable
2025-01-10 15:00:00,0.11,319379,94941.74,1082241024,0.0,stable
2025-01-10 16:00:00,0.11,0,95342.27,299798528,0.0,stable
2025-01-10 17:00:00,0.11,0,94811.14,0,0.0,stable
2025-01-10 18:00:00,0.11,0,94697.41,0,0.0,stable
2025-01-10 19:00:00,0.11,0,94735.59,0,0.0,stable
2025-01-10 20:00:00,0.11,0,94685.27,0,0.0,stable
2025-01-10 21:00:00,0.11,0,94566.56,0,0.0,stable
2025-01-10 22:00:00,0.11,0,94406.31,0,0.0,stable
2025-01-10 23:00:00,0.11,0,94430.2,0,0.0,stable
2025-01-11 00:00:00,0.11,0,94167.42,0,0.0,stable
2025-01-11 01:00:00,0.11,0,94029.14,0,0.0,stable
2025-01-11 02:00:00,0.11,0,94336.76,0,0.0,stable
2025-01-11 03:00:00,0.11,0,94248.01,0,0.0,stable
2025-01-11 04:00:00,0.11,0,94189.19,0,0.0,stable
2025-01-11 05:00:00,0.11,0,94083.28,0,0.0,stable
2025-01-11 06:00:00,0.11,0,94289.34,0,0.0,stable
2025-01-11 07:00:00,0.11,0,94446.03,0,0.0,stable
2025-01-11 08:00:00,0.11,0,94586.98,0,0.0,stable
2025-01-11 09:00:00,0.11,0,94526.44,0,0.0,stable
2025-01-11 10:00:00,0.11,0,94375.65,0,0.0,stable
2025-01-11 11:00:00,0.11,0,94590.22,0,0.0,stable
2025-01-11 12:00:00,0.11,0,94373.16,0,0.0,stable
2025-01-11 13:00:00,0.11,0,94431.81,0,0.0,stable
2025-01-11 14:00:00,0.11,0,94073.33,0,0.0,stable
2025-01-11 15:00:00,0.11,0,94230.24,0,0.0,stable
2025-01-11 16:00:00,0.11,0,94193.12,0,0.0,stable
2025-01-11 17:00:00,0.11,77426,94557.98,0,0.0,stable
2025-01-11 18:00:00,0.11,229824,94906.08,0,0.0,stable
2025-01-11 19:00:00,0.11,62104,94617.94,115695616,0.0,stable
2025-01-11 20:00:00,0.11,94730,94555.15,0,0.0,stable
2025-01-11 21:00:00,0.11,0,94400.3,0,0.0,stable
2025-01-11 22:00:00,0.11,0,94477.61,0,0.0,stable
2025-01-11 23:00:00,0.11,0,94572.55,0,0.0,stable
2025-01-12 00:00:00,0.11,6573,94566.05,0,0.0,stable
2025-01-12 01:00:00,0.11,0,94501.16,0,0.0,stable
2025-01-12 02:00:00,0.11,0,94512.98,0,0.0,stable
2025-01-12 03:00:00,0.11,0,94363.84,0,0.0,stable
2025-01-12 04:00:00,0.11,0,94265.03,0,0.0,stable
2025-01-12 05:00:00,0.11,2473,94112.2,11769856,0.0,stable
2025-01-12 06:00:00,0.11,0,93860.25,457631744,0.0,stable
2025-01-12 07:00:00,0.11,8912,93955.01,231403520,0.0,stable
2025-01-12 08:00:00,0.11,0,94231.12,0,0.0,stable
2025-01-12 09:00:00,0.11,36157,94290.54,229601280,0.0,stable
2025-01-12 10:00:00,0.11,61143,94618.09,439724032,0.0,stable
2025-01-12 11:00:00,0.11,85143,94741.98,420427776,0.0,stable
2025-01-12 12:00:00,0.11,222732,95017.21,828729344,0.0,stable
2025-01-12 13:00:00,0.11,25128,94991.1,65597440,0.0,stable
2025-01-12 14:00:00,0.11,0,95113.62,0,0.0,stable
2025-01-12 15:00:00,0.11,0,94935.62,132638720,0.0,stable
2025-01-12 16:00:00,0.11,114963,94604.16,384342016,0.0,stable
2025-01-12 17:00:00,0.11,0,94628.98,0,-9.090909090909086,down
2025-01-12 18:00:00,0.1,0,94294.03,0,0.0,stable
2025-01-12 19:00:00,0.1,0,93840.34,297039872,0.0,stable
2025-01-12 20:00:00,0.1,0,94491.41,834031616,9.999999999999995,up
2025-01-12 21:00:00,0.11,405289,95349.04,1708417024,0.0,stable
2025-01-12 22:00:00,0.11,110972,94184.2,1453418496,-9.090909090909086,down
2025-01-12 23:00:00,0.1,201607,94167.98,1314394112,0.0,stable
2025-01-13 00:00:00,0.1,164416,94130.37,739188736,0.0,stable
2025-01-13 01:00:00,0.1,162483,94495.4,966021120,0.0,stable
2025-01-13 02:00:00,0.1,178780,94143.52,626616320,0.0,stable
2025-01-13 03:00:00,0.1,218549,93541.05,1149231104,0.0,stable
2025-01-13 04:00:00,0.1,255882,93547.88,992172032,0.0,stable
2025-01-13 05:00:00,0.1,293931,92975.27,1178056704,0.0,stable
2025-01-13 06:00:00,0.1,317013,92846.87,1303330816,0.0,stable
2025-01-13 07:00:00,0.1,234383,91626.85,2884730880,0.0,stable
2025-01-13 08:00:00,0.1,287121,90930.45,3957690368,0.0,stable
2025-01-13 09:00:00,0.1,306253,90764.22,4310646784,0.0,stable
2025-01-13 10:00:00,0.1,417159,91013.59,3461099520,0.0,stable
2025-01-13 11:00:00,0.1,658970,91915.48,6392938496,0.0,stable
2025-01-13 12:00:00,0.1,464534,92209.29,4668747776,0.0,stable
2025-01-13 13:00:00,0.1,163215,91279.71,2802593792,0.0,stable
2025-01-13 14:00:00,0.1,244519,91897.01,2234318848,0.0,stable
2025-01-13 15:00:00,0.1,239069,92106.47,2043076608,0.0,stable
2025-01-13 16:00:00,0.1,250818,92248.5,1794625536,0.0,stable
2025-01-13 17:00:00,0.1,428341,93656.79,2561638400,0.0,stable
2025-01-13 18:00:00,0.1,312793,94160.92,2931228672,0.0,stable
2025-01-13 19:00:00,0.1,83295,94269.1,778649600,0.0,stable
2025-01-13 20:00:00,0.1,0,94572.38,0,0.0,stable
2025-01-13 21:00:00,0.1,0,94445.85,0,0.0,stable
2025-01-13 22:00:00,0.1,0,94783.37,0,0.0,stable
2025-01-13 23:00:00,0.1,0,94902.92,85393408,0.0,stable
2025-01-14 00:00:00,0.1,0,94827.8,0,0.0,stable
2025-01-14 01:00:00,0.1,0,95077.16,0,0.0,stable
2025-01-14 02:00:00,0.1,0,94867.03,220610560,0.0,stable
2025-01-14 03:00:00,0.1,0,94934.45,0,0.0,stable
2025-01-14 04:00:00,0.1,0,94863.59,0,0.0,stable
2025-01-14 05:00:00,0.1,0,95488.56,519258112,9.999999999999995,up
2025-01-14 06:00:00,0.11,0,97101.98,1990467584,0.0,stable
2025-01-14 07:00:00,0.11,0,96602.59,0,0.0,stable
2025-01-14 08:00:00,0.11,0,96520.75,0,-9.090909090909086,down
2025-01-14 09:00:00,0.1,0,96008.73,0,9.999999999999995,up
2025-01-14 10:00:00,0.11,77752,96304.81,0,0.0,stable
2025-01-14 11:00:00,0.11,0,96163.87,0,0.0,stable
2025-01-14 12:00:00,0.11,0,96567.4,0,0.0,stable
2025-01-14 13:00:00,0.11,34664,95719.72,0,0.0,stable
2025-01-14 14:00:00,0.11,394412,96374.92,0,0.0,stable
2025-01-14 15:00:00,0.11,0,96775.8,0,0.0,stable
2025-01-14 16:00:00,0.11,0,96489.52,0,0.0,stable
2025-01-14 17:00:00,0.11,0,96357.7,0,0.0,stable
2025-01-14 18:00:00,0.11,0,96388.63,0,0.0,stable
2025-01-14 19:00:00,0.11,1208,96697.16,0,0.0,stable
2025-01-14 20:00:00,0.11,481753,96545.55,0,0.0,stable
2025-01-14 21:00:00,0.11,0,96883.2,84008960,0.0,stable
2025-01-14 22:00:00,0.11,14197,97411.42,346669056,0.0,stable
2025-01-14 23:00:00,0.11,98956,96837.91,0,0.0,stable
2025-01-15 00:00:00,0.11,3169,97264.48,224407552,0.0,stable
2025-01-15 01:00:00,0.11,0,97147.44,748797952,0.0,stable
2025-01-15 02:00:00,0.11,72442,96982.82,111120384,0.0,stable
2025-01-15 03:00:00,0.11,176854,97049.9,0,0.0,stable
2025-01-15 04:00:00,0.11,91572,97255.41,139091968,0.0,stable
2025-01-15 05:00:00,0.11,0,97187.83,0,-9.090909090909086,down
2025-01-15 06:00:00,0.1,0,96771.42,0,0.0,stable
2025-01-15 07:00:00,0.1,0,96868.62,0,0.0,stable
2025-01-15 08:00:00,0.1,15877,96696.96,0,0.0,stable
2025-01-15 09:00:00,0.1,18077,96880.18,0,9.999999999999995,up
2025-01-15 10:00:00,0.11,525836,98893.39,1783001088,0.0,stable
2025-01-15 11:00:00,0.11,381140,99493.66,2614308864,0.0,stable
2025-01-15 12:00:00,0.11,420547,99209.42,1001431040,0.0,stable
2025-01-15 13:00:00,0.11,0,99035.37,0,0.0,stable
2025-01-15 14:00:00,0.11,0,98652.55,0,0.0,stable
2025-01-15 15:00:00,0.11,135006,99386.25,0,0.0,stable
2025-01-15 16:00:00,0.11,116250,99854.84,530370560,0.0,stable
2025-01-15 17:00:00,0.11,202248,99537.14,1544273920,0.0,stable
2025-01-15 18:00:00,0.11,82245,99648.23,387366912,0.0,stable
2025-01-15 19:00:00,0.11,89334,99742.4,283492352,0.0,stable
2025-01-15 20:00:00,0.11,0,100451.98,1036259328,0.0,stable
2025-01-15 21:00:00,0.11,81958,99857.67,1352970240,0.0,stable
2025-01-15 22:00:00,0.11,83811,100086.23,0,0.0,stable
2025-01-15 23:00:00,0.11,106305,99612.59,0,0.0,stable
2025-01-16 00:00:00,0.11,0,99471.2,153587712,0.0,stable
2025-01-16 01:00:00,0.11,0,99571.52,0,0.0,stable
2025-01-16 02:00:00,0.11,0,99376.86,0,0.0,stable
2025-01-16 03:00:00,0.11,0,99765.15,366731264,0.0,stable
2025-01-16 04:00:00,0.11,15658,99728.88,0,0.0,stable
2025-01-16 05:00:00,0.11,57693,98934.17,1100509184,0.0,stable
2025-01-16 06:00:00,0.11,45365,99113.09,0,0.0,stable
2025-01-16 07:00:00,0.11,92021,99205.44,0,0.0,stable
2025-01-16 08:00:00,0.11,225195,99184.44,359395328,0.0,stable
2025-01-16 09:00:00,0.11,281177,99370.45,483770368,0.0,stable
2025-01-16 10:00:00,0.11,0,99055.83,0,0.0,stable
2025-01-16 11:00:00,0.11,103890,97605.29,0,0.0,stable
2025-01-16 12:00:00,0.11,47969,99146.98,0,0.0,stable
2025-01-16 13:00:00,0.11,173842,99314.1,1310212096,0.0,stable
2025-01-16 14:00:00,0.11,230010,99938.9,798744576,0.0,stable
2025-01-16 15:00:00,0.11,30402,99542.27,223404032,0.0,stable
2025-01-16 16:00:00,0.11,117862,100412.47,0,0.0,stable
2025-01-16 17:00:00,0.11,0,100488.18,0,0.0,stable
2025-01-16 18:00:00,0.11,0,100133.76,91045888,0.0,stable
2025-01-16 19:00:00,0.11,0,99739.23,48439296,0.0,stable
2025-01-16 20:00:00,0.11,0,100049.92,0,0.0,stable
2025-01-16 21:00:00,0.11,1053,100122.98,0,0.0,stable
2025-01-16 22:00:00,0.11,274540,101656.5,2241904640,0.0,stable
2025-01-16 23:00:00,0.11,80005,101033.92,2390626304,0.0,stable
2025-01-17 00:00:00,0.11,0,101007.4,64643072,0.0,stable
2025-01-17 01:00:00,0.11,133212,101343.46,400302080,0.0,stable
2025-01-17 02:00:00,0.11,323364,101316.02,1019260928,0.0,stable
2025-01-17 03:00:00,0.11,239294,101341.06,0,0.0,stable
2025-01-17 04:00:00,0.11,303336,101450.94,941785088,0.0,stable
2025-01-17 05:00:00,0.11,234061,102112.85,967766016,0.0,stable
2025-01-17 06:00:00,0.11,34009,101795.07,135667712,0.0,stable
2025-01-17 07:00:00,0.11,49213,102268.83,1810014208,9.090909090909086,up
2025-01-17 08:00:00,0.12,0,102235.34,0,-8.33333333333333,down
2025-01-17 09:00:00,0.11,0,102739.98,600023040,0.0,stable
2025-01-17 10:00:00,0.11,0,102440.09,0,9.090909090909086,up
2025-01-17 11:00:00,0.12,0,103226.09,399581184,0.0,stable
2025-01-17 12:00:00,0.12,50048,103926.44,2034307072,0.0,stable
2025-01-17 13:00:00,0.12,1210987,104966.4,1014685696,0.0,stable
2025-01-17 14:00:00,0.12,0,104122.97,1373990912,0.0,stable
2025-01-17 15:00:00,0.12,18999,104857.48,1163784192,0.0,stable
2025-01-17 16:00:00,0.12,130268,105844.76,2164989952,0.0,stable
2025-01-17 17:00:00,0.12,215575,104661.84,1359003648,0.0,stable
2025-01-17 18:00:00,0.12,419684,104668.98,704962560,0.0,stable
2025-01-17 19:00:00,0.12,215515,104451.5,315817984,0.0,stable
2025-01-17 20:00:00,0.12,3589956,104167.92,0,0.0,stable
2025-01-17 21:00:00,0.12,517838,104600.2,0,0.0,stable
2025-01-17 22:00:00,0.12,0,104273.7,0,0.0,stable
2025-01-17 23:00:00,0.12,0,104288.03,0,-8.33333333333333,down
2025-01-18 00:00:00,0.11,136538,103564.01,824365056,0.0,stable
2025-01-18 01:00:00,0.11,352620,103510.85,1210699776,0.0,stable
2025-01-18 02:00:00,0.11,0,102874.64,192204800,0.0,stable
2025-01-18 03:00:00,0.11,117658,103429.62,1556447232,0.0,stable
2025-01-18 04:00:00,0.11,0,102774.02,0,0.0,stable
2025-01-18 05:00:00,0.11,0,103208.45,0,0.0,stable
2025-01-18 06:00:00,0.11,69890,103099.07,0,0.0,stable
2025-01-18 07:00:00,0.11,91276,103186.34,0,0.0,stable
2025-01-18 08:00:00,0.11,241434,103525.59,579932160,0.0,stable
2025-01-18 09:00:00,0.11,0,103442.32,0,0.0,stable
2025-01-18 10:00:00,0.11,43992,104212.42,0,0.0,stable
2025-01-18 11:00:00,0.11,0,103957.78,0,0.0,stable
2025-01-18 12:00:00,0.11,0,104723.7,0,0.0,stable
2025-01-18 13:00:00,0.11,0,103278.83,0,0.0,stable
2025-01-18 14:00:00,0.11,149320,103801.17,0,0.0,stable
2025-01-18 15:00:00,0.11,238858,104006.52,0,0.0,stable
2025-01-18 16:00:00,0.11,283898,104281.59,0,0.0,stable
2025-01-18 17:00:00,0.11,0,103881.62,0,0.0,stable
2025-01-18 18:00:00,0.11,0,103785.0,0,0.0,stable
2025-01-18 19:00:00,0.11,0,104181.18,0,0.0,stable
2025-01-18 20:00:00,0.11,0,104385.12,403222528,0.0,stable
2025-01-18 21:00:00,0.11,0,104068.33,0,0.0,stable
2025-01-18 22:00:00,0.11,147096,104391.56,0,0.0,stable
2025-01-18 23:00:00,0.11,32535,104780.17,1261662208,0.0,stable
2025-01-19 00:00:00,0.11,0,104940.76,0,0.0,stable
2025-01-19 01:00:00,0.11,26982,104875.01,0,0.0,stable
2025-01-19 02:00:00,0.11,0,104976.9,4673536,0.0,stable
2025-01-19 03:00:00,0.11,0,105367.3,0,0.0,stable
2025-01-19 04:00:00,0.11,48890,105045.54,326594560,0.0,stable
2025-01-19 05:00:00,0.11,34250,104229.42,0,-9.090909090909086,down
2025-01-19 06:00:00,0.1,528235,105110.12,3486867456,0.0,stable
2025-01-19 07:00:00,0.1,52920,104700.59,968806400,0.0,stable
2025-01-19 08:00:00,0.1,363690,104220.94,937820160,0.0,stable
2025-01-19 09:00:00,0.1,572473,104803.85,1159933952,0.0,stable
2025-01-19 10:00:00,0.1,232960,104919.74,677564416,9.999999999999995,up
2025-01-19 11:00:00,0.11,680652,105025.31,1872265216,0.0,stable
2025-01-19 12:00:00,0.11,32151,104767.34,456564736,0.0,stable
2025-01-19 13:00:00,0.11,0,104825.38,0,0.0,stable
2025-01-19 14:00:00,0.11,0,104944.19,0,0.0,stable
2025-01-19 15:00:00,0.11,0,104838.55,0,0.0,stable
2025-01-19 16:00:00,0.11,0,105955.2,402513920,0.0,stable
2025-01-19 17:00:00,0.11,217148,106209.32,1637105664,-9.090909090909086,down
2025-01-19 18:00:00,0.1,685793,103580.72,3727130624,0.0,stable
2025-01-19 19:00:00,0.1,1052125,103094.63,5885726720,0.0,stable
2025-01-19 20:00:00,0.1,1157870,100968.8,8172294144,0.0,stable
2025-01-19 21:00:00,0.1,1173774,99771.75,5548957696,0.0,stable
2025-01-19 22:00:00,0.1,757340,100463.08,4262215680,0.0,stable
2025-01-19 23:00:00,0.1,563768,101797.66,2446163968,0.0,stable
2025-01-20 00:00:00,0.1,278206,101674.66,1666826240,0.0,stable
2025-01-20 01:00:00,0.1,0,102159.34,446283776,0.0,stable
2025-01-20 02:00:00,0.1,128720,102232.46,238469120,0.0,stable
2025-01-20 03:00:00,0.1,810780,107157.21,7216791552,9.999999999999995,up
2025-01-20 04:00:00,0.11,5032774,107023.79,10928267264,0.0,stable
2025-01-20 05:00:00,0.11,3859856,108181.09,1942790144,0.0,stable
2025-01-20 06:00:00,0.11,0,108018.8,0,0.0,stable
2025-01-20 07:00:00,0.11,0,107810.41,89784320,0.0,stable
2025-01-20 08:00:00,0.11,0,108097.44,0,-9.090909090909086,down
2025-01-20 09:00:00,0.1,0,106841.95,3419717632,0.0,stable
2025-01-20 10:00:00,0.1,148168,107791.05,1669464064,0.0,stable
2025-01-20 11:00:00,0.1,0,107769.45,0,0.0,stable
2025-01-20 12:00:00,0.1,0,104849.1,819707904,0.0,stable
2025-01-20 13:00:00,0.1,676812,106671.54,5198151680,0.0,stable
2025-01-20 14:00:00,0.1,1226954,102875.95,14703935488,0.0,stable
2025-01-20 15:00:00,0.1,696764,104016.88,5403484160,0.0,stable
2025-01-20 16:00:00,0.1,243394,103685.23,1328742400,0.0,stable
2025-01-20 17:00:00,0.1,0,103739.0,0,0.0,stable
2025-01-20 18:00:00,0.1,0,102695.25,0,0.0,stable
2025-01-20 19:00:00,0.1,0,103548.73,0,0.0,stable
2025-01-20 20:00:00,0.1,0,102082.02,0,0.0,stable
2025-01-20 21:00:00,0.1,0,101252.34,0,0.0,stable
2025-01-20 22:00:00,0.1,0,101432.72,966918144,0.0,stable
2025-01-20 23:00:00,0.1,0,102435.65,65585152,0.0,stable
2025-01-21 00:00:00,0.1,0,102892.57,0,0.0,stable
2025-01-21 01:00:00,0.1,0,102118.53,72712192,0.0,stable
2025-01-21 02:00:00,0.1,0,101279.37,0,0.0,stable
2025-01-21 03:00:00,0.1,0,101962.83,0,0.0,stable
2025-01-21 04:00:00,0.1,0,101834.88,0,0.0,stable
2025-01-21 05:00:00,0.1,0,102272.61,0,0.0,stable
2025-01-21 06:00:00,0.1,0,102555.8,0,0.0,stable
2025-01-21 07:00:00,0.1,103986,103060.05,0,0.0,stable
2025-01-21 08:00:00,0.1,0,103665.42,615112704,0.0,stable
2025-01-21 09:00:00,0.1,0,104366.02,0,0.0,stable
2025-01-21 10:00:00,0.1,0,104327.24,0,0.0,stable
2025-01-21 11:00:00,0.1,0,102967.67,1202520064,0.0,stable
2025-01-21 12:00:00,0.1,0,103862.48,0,0.0,stable
2025-01-21 13:00:00,0.1,0,104911.26,678281216,9.999999999999995,up
2025-01-21 14:00:00,0.11,0,106106.23,0,0.0,stable
2025-01-21 15:00:00,0.11,0,106913.4,0,0.0,stable
2025-01-21 16:00:00,0.11,0,107096.11,0,-9.090909090909086,down
2025-01-21 17:00:00,0.1,0,106168.48,806838272,9.999999999999995,up
2025-01-21 18:00:00,0.11,0,106760.96,685965312,0.0,stable
2025-01-21 19:00:00,0.11,0,106036.78,0,-9.090909090909086,down
2025-01-21 20:00:00,0.1,0,106193.62,0,9.999999999999995,up
2025-01-21 21:00:00,0.11,0,105926.64,0,-9.090909090909086,down
2025-01-21 22:00:00,0.1,0,105727.66,0,9.999999999999995,up
2025-01-21 23:00:00,0.11,0,105728.47,0,-9.090909090909086,down
2025-01-22 00:00:00,0.1,0,105647.4,0,9.999999999999995,up
2025-01-22 01:00:00,0.11,0,105484.15,0,0.0,stable
2025-01-22 02:00:00,0.11,0,105703.95,0,0.0,stable
2025-01-22 03:00:00,0.11,0,105364.16,0,0.0,stable
2025-01-22 04:00:00,0.11,0,105113.15,0,-9.090909090909086,down
2025-01-22 05:00:00,0.1,0,105247.27,187580416,0.0,stable
2025-01-22 06:00:00,0.1,0,104958.33,0,0.0,stable
2025-01-22 07:00:00,0.1,0,105086.23,0,9.999999999999995,up
2025-01-22 08:00:00,0.11,0,105291.17,0,0.0,stable
2025-01-22 09:00:00,0.11,0,105309.3,0,-9.090909090909086,down
2025-01-22 10:00:00,0.1,0,104068.54,0,0.0,stable
2025-01-22 11:00:00,0.1,0,104500.13,0,0.0,stable
2025-01-22 12:00:00,0.1,0,104398.23,0,0.0,stable
2025-01-22 13:00:00,0.1,0,103699.27,0,0.0,stable
2025-01-22 14:00:00,0.1,0,104290.57,0,0.0,stable
2025-01-22 15:00:00,0.1,0,103921.26,0,0.0,stable
2025-01-22 16:00:00,0.1,0,104611.34,0,0.0,stable
2025-01-22 17:00:00,0.1,331228,104391.62,0,0.0,stable
2025-01-22 18:00:00,0.1,498447,104071.3,0,0.0,stable
2025-01-22 19:00:00,0.1,28914,104029.34,0,0.0,stable
2025-01-22 20:00:00,0.1,150433,103670.31,0,0.0,stable
2025-01-22 21:00:00,0.1,0,103312.18,0,0.0,stable
2025-01-22 22:00:00,0.1,0,102839.57,159162368,0.0,stable
2025-01-22 23:00:00,0.1,123505,102645.41,1772613632,0.0,stable
2025-01-23 00:00:00,0.1,9890,102320.22,412205056,0.0,stable
2025-01-23 01:00:00,0.1,0,102008.6,1770446848,0.0,stable
2025-01-23 02:00:00,0.1,214353,102386.55,1207611392,0.0,stable
2025-01-23 03:00:00,0.1,0,102205.68,386801664,0.0,stable
2025-01-23 04:00:00,0.1,85798,102654.49,756781056,0.0,stable
2025-01-23 05:00:00,0.1,0,102169.45,0,0.0,stable
2025-01-23 06:00:00,0.1,0,101663.45,1091112960,0.0,stable
2025-01-23 07:00:00,0.1,174040,101611.2,1410387968,0.0,stable
2025-01-23 08:00:00,0.1,93389,101931.97,567984128,0.0,stable
2025-01-23 09:00:00,0.1,0,101606.22,1045676032,0.0,stable
2025-01-23 10:00:00,0.1,107987,102563.7,713461760,0.0,stable
2025-01-23 11:00:00,0.1,283988,104813.5,3854176256,0.0,stable
2025-01-23 12:00:00,0.1,715663,105050.22,9395929088,0.0,stable
2025-01-23 13:00:00,0.1,393715,105175.95,4664188928,0.0,stable
2025-01-23 14:00:00,0.1,184500,105912.91,1872945152,0.0,stable
2025-01-23 15:00:00,0.1,60778,105548.78,530341888,0.0,stable
2025-01-23 16:00:00,0.1,116734,103811.0,841375744,0.0,stable
2025-01-23 17:00:00,0.1,443090,103547.24,11646795776,0.0,stable
2025-01-23 18:00:00,0.1,0,103189.12,3628859392,0.0,stable
2025-01-23 19:00:00,0.1,300624,103909.81,2324307968,0.0,stable
2025-01-23 20:00:00,0.1,0,104064.98,398524416,0.0,stable
2025-01-23 21:00:00,0.1,0,103470.09,0,0.0,stable
2025-01-23 22:00:00,0.1,0,103118.18,0,0.0,stable
2025-01-23 23:00:00,0.1,0,103023.95,0,0.0,stable
2025-01-24 00:00:00,0.1,353010,103895.84,1181835264,0.0,stable
2025-01-24 01:00:00,0.1,174762,104653.6,0,0.0,stable
2025-01-24 02:00:00,0.1,41798,105206.69,0,0.0,stable
2025-01-24 03:00:00,0.1,174937,104950.78,0,0.0,stable
2025-01-24 04:00:00,0.1,0,105000.68,0,0.0,stable
2025-01-24 05:00:00,0.1,36733,105499.27,0,0.0,stable
2025-01-24 06:00:00,0.1,39369,105152.52,0,0.0,stable
2025-01-24 07:00:00,0.1,0,105372.92,0,0.0,stable
2025-01-24 08:00:00,0.1,0,105441.67,0,0.0,stable
2025-01-24 09:00:00,0.1,121214,105486.23,0,0.0,stable
2025-01-24 10:00:00,0.1,0,105135.94,0,0.0,stable
2025-01-24 11:00:00,0.1,0,105850.41,0,0.0,stable
2025-01-24 12:00:00,0.1,0,105906.9,0,0.0,stable
2025-01-24 13:00:00,0.1,0,105790.49,0,0.0,stable
2025-01-24 14:00:00,0.1,0,106437.45,0,0.0,stable
2025-01-24 15:00:00,0.1,0,106176.88,435208192,0.0,stable
2025-01-24 16:00:00,0.1,0,105853.03,0,0.0,stable
2025-01-24 17:00:00,0.1,0,105250.43,0,0.0,stable
2025-01-24 18:00:00,0.1,0,105082.62,0,0.0,stable
2025-01-24 19:00:00,0.1,0,104861.65,0,0.0,stable
2025-01-24 20:00:00,0.1,164669,104840.06,0,-10.000000000000009,down
2025-01-24 21:00:00,0.09,0,104415.69,0,0.0,stable
2025-01-24 22:00:00,0.09,32387,104719.09,0,11.111111111111121,up
2025-01-24 23:00:00,0.1,0,104501.38,0,0.0,stable
2025-01-25 00:00:00,0.1,0,105169.0,0,0.0,stable
2025-01-25 01:00:00,0.1,0,104632.55,0,0.0,stable
2025-01-25 02:00:00,0.1,0,104305.54,0,0.0,stable
2025-01-25 03:00:00,0.1,0,104270.45,0,0.0,stable
2025-01-25 04:00:00,0.1,0,104345.33,0,-10.000000000000009,down
2025-01-25 05:00:00,0.09,0,104281.88,0,11.111111111111121,up
2025-01-25 06:00:00,0.1,215066,104350.6,0,-10.000000000000009,down
2025-01-25 07:00:00,0.09,67990,104531.29,0,11.111111111111121,up
2025-01-25 08:00:00,0.1,166840,104650.49,0,0.0,stable
2025-01-25 09:00:00,0.1,0,104729.06,0,0.0,stable
2025-01-25 10:00:00,0.1,0,104694.34,0,0.0,stable
2025-01-25 11:00:00,0.1,0,104585.8,0,0.0,stable
2025-01-25 12:00:00,0.1,0,104913.48,0,0.0,stable
2025-01-25 13:00:00,0.1,0,104629.88,0,0.0,stable
2025-01-25 14:00:00,0.1,0,104777.15,0,0.0,stable
2025-01-25 15:00:00,0.1,0,104942.3,0,0.0,stable
2025-01-25 16:00:00,0.1,0,105052.14,0,0.0,stable
2025-01-25 17:00:00,0.1,0,104953.76,0,0.0,stable
2025-01-25 18:00:00,0.1,0,105077.09,0,0.0,stable
2025-01-25 19:00:00,0.1,0,105068.95,0,0.0,stable
2025-01-25 20:00:00,0.1,0,104696.58,0,0.0,stable
2025-01-25 21:00:00,0.1,0,104586.59,0,0.0,stable
2025-01-25 22:00:00,0.1,0,104597.06,0,0.0,stable
2025-01-25 23:00:00,0.1,132833,104630.68,0,0.0,stable
2025-01-26 00:00:00,0.1,39503,104985.09,0,0.0,stable
2025-01-26 01:00:00,0.1,0,105147.51,82051072,0.0,stable
2025-01-26 02:00:00,0.1,86643,105078.93,0,0.0,stable
2025-01-26 03:00:00,0.1,0,104961.4,0,0.0,stable
2025-01-26 04:00:00,0.1,73881,104971.08,0,0.0,stable
2025-01-26 05:00:00,0.1,0,105010.66,0,0.0,stable
2025-01-26 06:00:00,0.1,0,104611.77,444450816,0.0,stable
2025-01-26 07:00:00,0.1,102895,104662.75,0,0.0,stable
2025-01-26 08:00:00,0.1,3971567,104809.24,0,0.0,stable
2025-01-26 09:00:00,0.1,996860,104828.27,0,0.0,stable
2025-01-26 10:00:00,0.1,332935,104940.76,11986944,0.0,stable
2025-01-26 11:00:00,0.1,669245,104949.39,0,0.0,stable
2025-01-26 12:00:00,0.1,199647,104976.48,0,0.0,stable
2025-01-26 13:00:00,0.1,175569,104933.89,0,0.0,stable
2025-01-26 14:00:00,0.1,298383,104960.42,0,0.0,stable
2025-01-26 15:00:00,0.1,162933,105129.77,0,9.999999999999995,up
2025-01-26 16:00:00,0.11,9264404,105065.93,0,-9.090909090909086,down
2025-01-26 17:00:00,0.1,1909150,104905.52,0,0.0,stable
2025-01-26 18:00:00,0.1,750400,104713.56,205416448,0.0,stable
2025-01-26 19:00:00,0.1,721082,104312.36,418101248,0.0,stable
2025-01-26 20:00:00,0.1,278830,102545.53,3674683392,0.0,stable
2025-01-26 21:00:00,0.1,533748,101615.48,2631344128,0.0,stable
2025-01-26 22:00:00,0.1,566374,101345.82,3793553408,-10.000000000000009,down
2025-01-26 23:00:00,0.09,194102,100905.17,3164534784,0.0,stable
2025-01-27 00:00:00,0.09,104362,101343.93,1701525504,0.0,stable
2025-01-27 01:00:00,0.09,281658,100370.75,2068961280,0.0,stable
2025-01-27 02:00:00,0.09,211914,100339.55,2821771264,0.0,stable
2025-01-27 03:00:00,0.09,473000,98859.17,4449525760,0.0,stable
2025-01-27 04:00:00,0.09,655488,99010.27,5705945088,0.0,stable
2025-01-27 05:00:00,0.09,307010,98964.07,2738073600,0.0,stable
2025-01-27 06:00:00,0.09,496898,99352.88,1613090816,0.0,stable
2025-01-27 07:00:00,0.09,0,98325.73,2204934144,0.0,stable
2025-01-27 08:00:00,0.09,0,98816.92,2582937600,0.0,stable
2025-01-27 09:00:00,0.09,0,100622.76,2981806080,0.0,stable
2025-01-27 10:00:00,0.09,401044,100558.46,4708003840,0.0,stable
2025-01-27 11:00:00,0.09,182686,102057.05,5270949888,0.0,stable
2025-01-27 12:00:00,0.09,869948,101333.48,3791159296,0.0,stable
2025-01-27 13:00:00,0.09,0,99639.59,3429982208,0.0,stable
2025-01-27 14:00:00,0.09,0,99204.65,3010912256,0.0,stable
2025-01-27 15:00:00,0.09,47538,99047.52,1805041664,0.0,stable
2025-01-27 16:00:00,0.09,0,99603.04,2390401024,0.0,stable
2025-01-27 17:00:00,0.09,0,101646.88,2924568576,0.0,stable
2025-01-27 18:00:00,0.09,0,101373.22,2830057472,0.0,stable
2025-01-27 19:00:00,0.09,0,101685.49,499728384,0.0,stable
2025-01-27 20:00:00,0.09,0,102143.27,0,0.0,stable
2025-01-27 21:00:00,0.09,0,101935.22,0,0.0,stable
2025-01-27 22:00:00,0.09,0,101472.61,0,0.0,stable
2025-01-27 23:00:00,0.09,0,102319.28,0,0.0,stable
2025-01-28 00:00:00,0.09,0,102624.16,0,11.111111111111121,up
2025-01-28 01:00:00,0.1,0,102930.1,0,0.0,stable
2025-01-28 02:00:00,0.1,0,102981.29,0,-10.000000000000009,down
2025-01-28 03:00:00,0.09,0,102746.09,0,0.0,stable
2025-01-28 04:00:00,0.09,0,102731.33,0,0.0,stable
2025-01-28 05:00:00,0.09,0,102807.88,0,0.0,stable
2025-01-28 06:00:00,0.09,0,102897.96,0,0.0,stable
2025-01-28 07:00:00,0.09,0,102726.8,0,0.0,stable
2025-01-28 08:00:00,0.09,0,102774.96,0,0.0,stable
2025-01-28 09:00:00,0.09,0,102579.81,0,0.0,stable
2025-01-28 10:00:00,0.09,0,102597.1,0,0.0,stable
2025-01-28 11:00:00,0.09,0,102725.49,0,0.0,stable
2025-01-28 12:00:00,0.09,0,102661.82,0,0.0,stable
2025-01-28 13:00:00,0.09,0,102166.45,0,0.0,stable
2025-01-28 14:00:00,0.09,0,102669.59,0,0.0,stable
2025-01-28 15:00:00,0.09,0,102183.15,0,0.0,stable
2025-01-28 16:00:00,0.09,0,102446.23,0,0.0,stable
2025-01-28 17:00:00,0.09,0,101185.91,0,0.0,stable
2025-01-28 18:00:00,0.09,0,100285.88,0,0.0,stable
2025-01-28 19:00:00,0.09,109083,101137.12,680923136,0.0,stable
2025-01-28 20:00:00,0.09,63084,101327.41,0,0.0,stable
2025-01-28 21:00:00,0.09,101814,101642.27,0,0.0,stable
2025-01-28 22:00:00,0.09,47842,101779.86,0,0.0,stable
2025-01-28 23:00:00,0.09,0,101733.28,0,0.0,stable
2025-01-29 00:00:00,0.09,1733,102027.85,0,0.0,stable
2025-01-29 01:00:00,0.09,112812,101973.09,0,0.0,stable
2025-01-29 02:00:00,0.09,303301,102202.08,0,0.0,stable
2025-01-29 03:00:00,0.09,157176,102702.55,175525888,0.0,stable
2025-01-29 04:00:00,0.09,0,102663.05,0,0.0,stable
2025-01-29 05:00:00,0.09,0,102675.33,41369600,0.0,stable
2025-01-29 06:00:00,0.09,35640,102304.07,0,0.0,stable
2025-01-29 07:00:00,0.09,38328,102509.93,0,0.0,stable
2025-01-29 08:00:00,0.09,67123,102541.5,0,0.0,stable
2025-01-29 09:00:00,0.09,9976,102202.76,107413504,0.0,stable
2025-01-29 10:00:00,0.09,45421,101741.51,1568694272,0.0,stable
2025-01-29 11:00:00,0.09,0,102004.39,0,0.0,stable
2025-01-29 12:00:00,0.09,0,101957.06,0,0.0,stable
2025-01-29 13:00:00,0.09,0,101994.89,0,0.0,stable
2025-01-29 14:00:00,0.09,160516,102530.14,0,0.0,stable
2025-01-29 15:00:00,0.09,0,102956.61,0,0.0,stable
2025-01-29 16:00:00,0.09,1051835,103615.12,5004869632,0.0,stable
2025-01-29 17:00:00,0.09,521916,104304.02,4151955456,0.0,stable
2025-01-29 18:00:00,0.09,161648,103826.35,649564160,0.0,stable
2025-01-29 19:00:00,0.09,0,103569.09,0,0.0,stable
2025-01-29 20:00:00,0.09,0,103736.01,60850176,0.0,stable
2025-01-29 21:00:00,0.09,0,104037.98,546762752,0.0,stable
2025-01-29 22:00:00,0.09,15176,104262.98,625119232,0.0,stable
2025-01-29 23:00:00,0.09,50268,104486.07,574758912,0.0,stable
2025-01-30 00:00:00,0.09,93578,105099.74,1768480768,0.0,stable
2025-01-30 01:00:00,0.09,0,105505.59,930430976,0.0,stable
2025-01-30 02:00:00,0.09,0,105311.16,804028416,0.0,stable
2025-01-30 03:00:00,0.09,87713,105186.69,64352256,0.0,stable
2025-01-30 04:00:00,0.09,92187,105124.46,176373760,0.0,stable
2025-01-30 05:00:00,0.09,67503,105115.92,0,0.0,stable
2025-01-30 06:00:00,0.09,0,105445.7,0,0.0,stable
2025-01-30 07:00:00,0.09,14222,105312.27,0,0.0,stable
2025-01-30 08:00:00,0.09,9294,105330.85,0,0.0,stable
2025-01-30 09:00:00,0.09,0,105043.57,0,0.0,stable
2025-01-30 10:00:00,0.09,16597,104866.68,0,11.111111111111121,up
2025-01-30 11:00:00,0.1,81122,105820.55,1344184320,0.0,stable
2025-01-30 12:00:00,0.1,166588,105574.79,1948921856,0.0,stable
2025-01-30 13:00:00,0.1,175535,105770.91,650043392,0.0,stable
2025-01-30 14:00:00,0.1,0,105281.77,0,-10.000000000000009,down
2025-01-30 15:00:00,0.09,675053,105560.48,0,0.0,stable
2025-01-30 16:00:00,0.09,0,105766.17,0,0.0,stable
2025-01-30 17:00:00,0.09,0,105103.59,0,0.0,stable
2025-01-30 18:00:00,0.09,0,105093.71,0,0.0,stable
2025-01-30 19:00:00,0.09,0,105096.41,0,0.0,stable
2025-01-30 20:00:00,0.09,0,104748.7,0,0.0,stable
2025-01-30 21:00:00,0.09,116337,104893.09,0,0.0,stable
2025-01-30 22:00:00,0.09,459542,104733.45,0,0.0,stable
2025-01-30 23:00:00,0.09,0,104419.28,0,0.0,stable
2025-01-31 00:00:00,0.09,0,104320.01,0,0.0,stable
2025-01-31 01:00:00,0.09,0,104002.55,0,0.0,stable
2025-01-31 02:00:00,0.09,0,104267.21,0,0.0,stable
2025-01-31 03:00:00,0.09,0,104517.73,0,0.0,stable
2025-01-31 04:00:00,0.09,0,104223.88,79560704,0.0,stable
2025-01-31 05:00:00,0.09,0,104056.55,70852608,0.0,stable
2025-01-31 06:00:00,0.09,122198,104220.05,88535040,0.0,stable
2025-01-31 07:00:00,0.09,121885,104293.48,0,11.111111111111121,up
2025-01-31 08:00:00,0.1,230892,104751.85,401100800,0.0,stable
2025-01-31 09:00:00,0.1,0,104692.05,300773376,0.0,stable
2025-01-31 10:00:00,0.1,0,104618.09,0,0.0,stable
2025-01-31 11:00:00,0.1,435829,104414.38,0,0.0,stable
2025-01-31 12:00:00,0.1,134310,105502.82,0,0.0,stable
2025-01-31 13:00:00,0.1,214728,105050.84,339415040,0.0,stable
2025-01-31 14:00:00,0.1,0,104669.66,0,0.0,stable
2025-01-31 15:00:00,0.1,0,102670.09,2292105216,0.0,stable
2025-01-31 16:00:00,0.1,129376,102305.52,2652954624,0.0,stable
2025-01-31 17:00:00,0.1,0,101603.88,1543172096,-10.000000000000009,down
2025-01-31 18:00:00,0.09,92653,102110.6,1091346432,11.111111111111121,up
2025-01-31 19:00:00,0.1,151624,102198.47,843288576,0.0,stable
2025-01-31 20:00:00,0.1,23513,102390.93,373903360,0.0,stable
2025-01-31 21:00:00,0.1,0,102466.01,0,0.0,stable
2025-01-31 22:00:00,0.1,0,102553.6,131158016,0.0,stable
2025-01-31 23:00:00,0.1,147077,102448.18,0,0.0,stable
2025-02-01 00:00:00,0.1,0,102246.77,0,0.0,stable
2025-02-01 01:00:00,0.1,288092,102313.74,0,0.0,stable
2025-02-01 02:00:00,0.1,142442,102484.05,0,0.0,stable
2025-02-01 03:00:00,0.1,0,102383.1,0,0.0,stable
2025-02-01 04:00:00,0.1,452949,102166.99,0,0.0,stable
2025-02-01 05:00:00,0.1,50832,102008.09,0,-10.000000000000009,down
2025-02-01 06:00:00,0.09,11928,101613.18,94035968,0.0,stable
2025-02-01 07:00:00,0.09,0,101645.84,283643904,0.0,stable
2025-02-01 08:00:00,0.09,0,101978.84,0,11.111111111111121,up
2025-02-01 09:00:00,0.1,41100,102264.28,0,-10.000000000000009,down
2025-02-01 10:00:00,0.09,0,101830.94,0,0.0,stable
2025-02-01 11:00:00,0.09,0,101817.04,0,0.0,stable
2025-02-01 12:00:00,0.09,0,102069.8,0,0.0,stable
2025-02-01 13:00:00,0.09,0,101868.68,0,0.0,stable
2025-02-01 14:00:00,0.09,44705,102238.73,0,0.0,stable
2025-02-01 15:00:00,0.09,0,101987.94,0,0.0,stable
2025-02-01 16:00:00,0.09,0,101632.17,0,0.0,stable
2025-02-01 17:00:00,0.09,93678,101377.69,0,0.0,stable
2025-02-01 18:00:00,0.09,59165,101292.29,0,0.0,stable
2025-02-01 19:00:00,0.09,654625,100604.02,323446784,0.0,stable
2025-02-01 20:00:00,0.09,515954,100644.2,1100316672,0.0,stable
2025-02-01 21:00:00,0.09,239215,101240.39,406321152,0.0,stable
2025-02-01 22:00:00,0.09,0,101233.12,0,0.0,stable
2025-02-01 23:00:00,0.09,0,100527.88,486780928,0.0,stable
2025-02-02 00:00:00,0.09,297331,99195.28,3206397952,0.0,stable
2025-02-02 01:00:00,0.09,0,99591.56,1782198272,0.0,stable
2025-02-02 02:00:00,0.09,39013,100304.87,956436480,0.0,stable
2025-02-02 03:00:00,0.09,0,100268.38,662437888,0.0,stable
2025-02-02 04:00:00,0.09,0,99687.97,747737088,0.0,stable
2025-02-02 05:00:00,0.09,18473,99820.59,559042560,0.0,stable
2025-02-02 06:00:00,0.09,0,99655.76,25120768,0.0,stable
2025-02-02 07:00:00,0.09,0,99389.65,546484224,0.0,stable
2025-02-02 08:00:00,0.09,54289,98986.85,1343549440,0.0,stable
2025-02-02 09:00:00,0.09,96566,98228.62,1456144384,0.0,stable
2025-02-02 10:00:00,0.09,144402,98749.2,1910644736,0.0,stable
2025-02-02 11:00:00,0.09,120832,99215.03,1112567808,0.0,stable
2025-02-02 12:00:00,0.09,308254,99272.99,738373632,-11.111111111111107,down
2025-02-02 13:00:00,0.08,292187,98135.94,1584062464,0.0,stable
2025-02-02 14:00:00,0.08,626552,97080.88,4058542080,0.0,stable
2025-02-02 15:00:00,0.08,743628,96952.51,4275515392,0.0,stable
2025-02-02 16:00:00,0.08,663066,98197.55,3257475072,0.0,stable
2025-02-02 17:00:00,0.08,0,97771.31,0,0.0,stable
2025-02-02 18:00:00,0.08,152728,96831.4,1763770368,0.0,stable
2025-02-02 19:00:00,0.08,0,97948.38,1805524992,0.0,stable
2025-02-02 20:00:00,0.08,566621,97682.86,2837680128,-12.499999999999993,down
2025-02-02 21:00:00,0.07,464685,96686.7,5771182080,0.0,stable
2025-02-02 22:00:00,0.07,1097329,93261.23,9532194816,-14.285714285714295,down
2025-02-02 23:00:00,0.06,1843210,93667.09,12517908480,16.666666666666682,up
2025-02-03 00:00:00,0.07,731174,94098.05,1919664128,0.0,stable
2025-02-03 01:00:00,0.07,73830,92996.28,613638144,0.0,stable
2025-02-03 02:00:00,0.07,482726,94274.98,1691459584,0.0,stable
2025-02-03 03:00:00,0.07,707440,93900.83,1612709888,0.0,stable
2025-02-03 04:00:00,0.07,973392,95407.02,1829904384,0.0,stable
2025-02-03 05:00:00,0.07,46456,95417.09,1369800704,0.0,stable
2025-02-03 06:00:00,0.07,533242,95421.43,1680121856,0.0,stable
2025-02-03 07:00:00,0.07,250416,95755.89,838737920,0.0,stable
2025-02-03 08:00:00,0.07,121408,95160.7,0,0.0,stable
2025-02-03 09:00:00,0.07,95372,94854.84,267550720,0.0,stable
2025-02-03 10:00:00,0.07,0,94947.7,288079872,0.0,stable
2025-02-03 11:00:00,0.07,908850,96702.84,4651237376,14.285714285714276,up
2025-02-03 12:00:00,0.08,797250,99271.71,7985201152,0.0,stable
2025-02-03 13:00:00,0.08,120674,98696.18,2093867008,0.0,stable
2025-02-03 14:00:00,0.08,0,99010.74,0,0.0,stable
2025-02-03 15:00:00,0.08,0,99995.41,0,0.0,stable
2025-02-03 16:00:00,0.08,0,102005.89,1335795712,0.0,stable
2025-02-03 17:00:00,0.08,63144,101230.27,1997807616,0.0,stable
2025-02-03 18:00:00,0.08,21554,101937.14,191717376,0.0,stable
2025-02-03 19:00:00,0.08,0,101774.71,0,0.0,stable
2025-02-03 20:00:00,0.08,0,101403.09,0,0.0,stable
2025-02-03 21:00:00,0.08,0,101181.91,0,0.0,stable
2025-02-03 22:00:00,0.08,0,101462.7,0,0.0,stable
2025-02-03 23:00:00,0.08,0,100919.26,0,0.0,stable
2025-02-04 00:00:00,0.08,0,100684.98,0,0.0,stable
2025-02-04 01:00:00,0.08,0,100134.9,0,-12.499999999999993,down
2025-02-04 02:00:00,0.07,0,99007.7,1118322688,0.0,stable
2025-02-04 03:00:00,0.07,0,99426.48,0,0.0,stable
2025-02-04 04:00:00,0.07,0,98556.34,0,0.0,stable
2025-02-04 05:00:00,0.07,0,98269.23,68706304,0.0,stable
2025-02-04 06:00:00,0.07,0,98442.41,0,0.0,stable
2025-02-04 07:00:00,0.07,828,98861.32,0,0.0,stable
2025-02-04 08:00:00,0.07,0,99059.79,158375936,14.285714285714276,up
2025-02-04 09:00:00,0.08,154713,99528.18,0,0.0,stable
2025-02-04 10:00:00,0.08,135541,99167.2,0,0.0,stable
2025-02-04 11:00:00,0.08,0,100056.97,0,-12.499999999999993,down
2025-02-04 12:00:00,0.07,0,99442.08,0,0.0,stable
2025-02-04 13:00:00,0.07,0,99140.27,0,0.0,stable
2025-02-04 14:00:00,0.07,50356,99237.45,0,14.285714285714276,up
2025-02-04 15:00:00,0.08,0,99453.82,0,-12.499999999999993,down
2025-02-04 16:00:00,0.07,0,99188.71,0,0.0,stable
2025-02-04 17:00:00,0.07,165760,98747.21,1662803968,0.0,stable
2025-02-04 18:00:00,0.07,71181,96732.29,1782308864,0.0,stable
2025-02-04 19:00:00,0.07,35064,97602.99,748208128,0.0,stable
2025-02-04 20:00:00,0.07,273652,97887.19,188825600,0.0,stable
2025-02-04 21:00:00,0.07,0,98336.55,414416896,0.0,stable
2025-02-04 22:00:00,0.07,0,97801.55,0,0.0,stable
2025-02-04 23:00:00,0.07,118934,98043.02,562626560,0.0,stable
2025-02-05 00:00:00,0.07,0,98079.82,0,0.0,stable
2025-02-05 01:00:00,0.07,0,98029.55,0,0.0,stable
2025-02-05 02:00:00,0.07,0,98166.97,0,0.0,stable
2025-02-05 03:00:00,0.07,0,97655.8,340377600,0.0,stable
2025-02-05 04:00:00,0.07,0,97920.8,0,0.0,stable
2025-02-05 05:00:00,0.07,0,97661.11,0,0.0,stable
2025-02-05 06:00:00,0.07,0,97460.27,365510656,0.0,stable
2025-02-05 07:00:00,0.07,3229,97863.09,320524288,14.285714285714276,up
2025-02-05 08:00:00,0.08,102837,98232.23,0,0.0,stable
2025-02-05 09:00:00,0.08,0,98053.09,585404416,0.0,stable
2025-02-05 10:00:00,0.08,0,98594.34,518574080,0.0,stable
2025-02-05 11:00:00,0.08,0,98219.38,0,0.0,stable
2025-02-05 12:00:00,0.08,0,98071.87,0,-12.499999999999993,down
2025-02-05 13:00:00,0.07,75939,98053.69,0,0.0,stable
2025-02-05 14:00:00,0.07,0,97633.55,277663744,0.0,stable
2025-02-05 15:00:00,0.07,9118,96674.14,0,0.0,stable
2025-02-05 16:00:00,0.07,94114,97390.77,0,0.0,stable
2025-02-05 17:00:00,0.07,0,97493.89,0,0.0,stable
2025-02-05 18:00:00,0.07,0,96880.28,0,0.0,stable
2025-02-05 19:00:00,0.07,26376,96426.51,0,0.0,stable
2025-02-05 20:00:00,0.07,0,96619.95,492777472,0.0,stable
2025-02-05 21:00:00,0.07,16541,96854.92,162570240,0.0,stable
2025-02-05 22:00:00,0.07,17108,97187.73,0,0.0,stable
2025-02-05 23:00:00,0.07,0,97388.24,0,0.0,stable
2025-02-06 00:00:00,0.07,29235,97363.19,0,0.0,stable
2025-02-06 01:00:00,0.07,0,97633.65,0,14.285714285714276,up
2025-02-06 02:00:00,0.08,0,97845.89,0,0.0,stable
2025-02-06 03:00:00,0.08,0,98414.23,512249856,-12.499999999999993,down
2025-02-06 04:00:00,0.07,41602,98219.3,0,0.0,stable
2025-02-06 05:00:00,0.07,18855,98185.73,103153664,0.0,stable
2025-02-06 06:00:00,0.07,39726,98682.84,0,0.0,stable
2025-02-06 07:00:00,0.07,123425,98959.66,304664576,0.0,stable
2025-02-06 08:00:00,0.07,0,98930.51,543510528,0.0,stable
2025-02-06 09:00:00,0.07,56835,98365.48,0,0.0,stable
2025-02-06 10:00:00,0.07,0,98683.71,778539008,0.0,stable
2025-02-06 11:00:00,0.07,0,97908.11,655278080,0.0,stable
2025-02-06 12:00:00,0.07,188296,97276.69,1080352768,0.0,stable
2025-02-06 13:00:00,0.07,182696,96486.61,753233920,0.0,stable
2025-02-06 14:00:00,0.07,42680,96834.62,0,0.0,stable
2025-02-06 15:00:00,0.07,129575,96334.78,723906560,0.0,stable
2025-02-06 16:00:00,0.07,191080,96043.45,431894528,0.0,stable
2025-02-06 17:00:00,0.07,147256,96842.25,0,0.0,stable
2025-02-06 18:00:00,0.07,0,96750.49,0,0.0,stable
2025-02-06 19:00:00,0.07,0,96857.75,0,0.0,stable
2025-02-06 20:00:00,0.07,0,96614.68,0,0.0,stable
2025-02-06 21:00:00,0.07,77478,96553.25,1724919808,0.0,stable
2025-02-06 22:00:00,0.07,175296,97477.91,0,0.0,stable
2025-02-06 23:00:00,0.07,150414,97516.82,1750650880,0.0,stable
2025-02-07 00:00:00,0.07,0,97454.28,0,0.0,stable
2025-02-07 01:00:00,0.07,0,97486.16,649064448,0.0,stable
2025-02-07 02:00:00,0.07,0,97315.95,0,0.0,stable
2025-02-07 03:00:00,0.07,231687,96734.85,146198528,0.0,stable
2025-02-07 04:00:00,0.07,0,96743.65,0,0.0,stable
2025-02-07 05:00:00,0.07,112187,97048.46,1268408320,0.0,stable
2025-02-07 06:00:00,0.07,5506,97349.15,0,0.0,stable
2025-02-07 07:00:00,0.07,107149,97320.38,0,0.0,stable
2025-02-07 08:00:00,0.07,0,97755.17,0,0.0,stable
2025-02-07 09:00:00,0.07,0,97949.13,0,0.0,stable
2025-02-07 10:00:00,0.07,485923,98851.05,62578688,0.0,stable
2025-02-07 11:00:00,0.07,338846,99764.68,4134793216,0.0,stable
2025-02-07 12:00:00,0.07,0,98169.38,0,0.0,stable
2025-02-07 13:00:00,0.07,65782,97905.24,3157065728,0.0,stable
2025-02-07 14:00:00,0.07,0,97483.71,1657937920,0.0,stable
2025-02-07 15:00:00,0.07,0,97769.46,0,0.0,stable
2025-02-07 16:00:00,0.07,0,96981.55,0,0.0,stable
2025-02-07 17:00:00,0.07,0,95800.64,3358236672,0.0,stable
2025-02-07 18:00:00,0.07,43375,95993.84,0,0.0,stable
2025-02-07 19:00:00,0.07,53250,96061.51,0,0.0,stable
2025-02-07 20:00:00,0.07,39286,96508.67,1037004800,0.0,stable
2025-02-07 21:00:00,0.07,0,96686.4,0,0.0,stable
2025-02-07 22:00:00,0.07,0,96536.8,512790528,0.0,stable
2025-02-07 23:00:00,0.07,0,96781.95,0,0.0,stable
2025-02-08 00:00:00,0.07,0,96728.47,0,0.0,stable
2025-02-08 01:00:00,0.07,264235,96333.94,0,0.0,stable
2025-02-08 02:00:00,0.07,123992,96196.51,754040832,0.0,stable
2025-02-08 03:00:00,0.07,0,95972.5,0,0.0,stable
2025-02-08 04:00:00,0.07,0,96238.4,627101696,0.0,stable
2025-02-08 05:00:00,0.07,0,95928.78,0,0.0,stable
2025-02-08 06:00:00,0.07,0,96148.26,0,0.0,stable
2025-02-08 07:00:00,0.07,0,96056.01,0,0.0,stable
2025-02-08 08:00:00,0.07,0,96086.25,0,0.0,stable
2025-02-08 09:00:00,0.07,36749,96070.72,370393088,0.0,stable
2025-02-08 10:00:00,0.07,0,96221.47,0,0.0,stable
2025-02-08 11:00:00,0.07,0,96067.46,0,0.0,stable
2025-02-08 12:00:00,0.07,0,95823.43,0,0.0,stable
2025-02-08 13:00:00,0.07,0,96119.0,0,0.0,stable
2025-02-08 14:00:00,0.07,129922,96357.59,0,0.0,stable
2025-02-08 15:00:00,0.07,1736679,96490.54,0,0.0,stable
2025-02-08 16:00:00,0.07,626906,96567.38,0,0.0,stable
2025-02-08 17:00:00,0.07,0,96478.31,0,14.285714285714276,up
2025-02-08 18:00:00,0.08,0,96517.8,0,-12.499999999999993,down
2025-02-08 19:00:00,0.07,0,96488.86,0,0.0,stable
2025-02-08 20:00:00,0.07,0,96504.96,0,0.0,stable
2025-02-08 21:00:00,0.07,9051,96583.59,0,0.0,stable
2025-02-08 22:00:00,0.07,65977,96982.41,629530624,14.285714285714276,up
2025-02-08 23:00:00,0.08,234782,96782.12,0,0.0,stable
2025-02-09 00:00:00,0.08,457732,97245.04,0,0.0,stable
2025-02-09 01:00:00,0.08,0,97239.08,31834112,0.0,stable
2025-02-09 02:00:00,0.08,0,97056.51,451334144,0.0,stable
2025-02-09 03:00:00,0.08,305829,97029.42,0,0.0,stable
2025-02-09 04:00:00,0.08,228853,97082.8,0,0.0,stable
2025-02-09 05:00:00,0.08,74388,97175.73,0,0.0,stable
2025-02-09 06:00:00,0.08,159976,96966.52,975452160,0.0,stable
2025-02-09 07:00:00,0.08,194033,96807.58,0,0.0,stable
2025-02-09 08:00:00,0.08,74905,96664.27,1165926400,0.0,stable
2025-02-09 09:00:00,0.08,179019,96526.67,95993856,0.0,stable
2025-02-09 10:00:00,0.08,119099,95922.47,0,0.0,stable
2025-02-09 11:00:00,0.08,199121,96130.88,1019566080,0.0,stable
2025-02-09 12:00:00,0.08,82697,96479.46,111898624,0.0,stable
2025-02-09 13:00:00,0.08,59177,96517.7,0,0.0,stable
2025-02-09 14:00:00,0.08,0,96205.8,6283264,0.0,stable
2025-02-09 15:00:00,0.08,0,96223.27,0,0.0,stable
2025-02-09 16:00:00,0.08,0,96072.52,0,0.0,stable
2025-02-09 17:00:00,0.08,1112208,96263.52,0,-12.499999999999993,down
2025-02-09 18:00:00,0.07,251238,95246.85,2628800512,0.0,stable
2025-02-09 19:00:00,0.07,575838,95875.61,2039580672,14.285714285714276,up
2025-02-09 20:00:00,0.08,352798,96505.2,0,0.0,stable
2025-02-09 21:00:00,0.08,509855,96743.81,2252394496,-12.499999999999993,down
2025-02-09 22:00:00,0.07,95590,95521.49,0,0.0,stable
2025-02-09 23:00:00,0.07,0,95813.84,3027441664,14.285714285714276,up
2025-02-10 00:00:00,0.08,158932,96770.85,283131904,0.0,stable
2025-02-10 01:00:00,0.08,24622,96911.33,1296562176,0.0,stable
2025-02-10 02:00:00,0.08,250979,97005.68,1243217920,0.0,stable
2025-02-10 03:00:00,0.08,0,97148.75,300220416,0.0,stable
2025-02-10 04:00:00,0.08,116590,97453.52,1347588096,0.0,stable
2025-02-10 05:00:00,0.08,245195,97727.54,1455943680,0.0,stable
2025-02-10 06:00:00,0.08,0,97679.53,0,0.0,stable
2025-02-10 07:00:00,0.08,171170,97764.02,1373650944,0.0,stable
2025-02-10 08:00:00,0.08,82922,97691.33,0,0.0,stable
2025-02-10 09:00:00,0.08,0,97348.17,191369216,0.0,stable
2025-02-10 10:00:00,0.08,0,98311.41,40345600,0.0,stable
2025-02-10 11:00:00,0.08,157547,97347.2,2371768320,0.0,stable
2025-02-10 12:00:00,0.08,0,97230.66,427470848,0.0,stable
2025-02-10 13:00:00,0.08,179276,97366.66,1024241664,0.0,stable
2025-02-10 14:00:00,0.08,31946,97479.95,393961472,0.0,stable
2025-02-10 15:00:00,0.08,252948,97506.82,1399341056,0.0,stable
2025-02-10 16:00:00,0.08,81526,97417.19,493350912,0.0,stable
2025-02-10 17:00:00,0.08,0,97362.62,139841536,0.0,stable
2025-02-10 18:00:00,0.08,0,97375.49,0,0.0,stable
2025-02-10 19:00:00,0.08,0,97375.26,0,0.0,stable
2025-02-10 20:00:00,0.08,188339,97434.18,0,0.0,stable
2025-02-10 21:00:00,0.08,0,97843.37,0,0.0,stable
2025-02-10 22:00:00,0.08,0,98063.08,0,0.0,stable
2025-02-10 23:00:00,0.08,0,97788.66,0,0.0,stable
2025-02-11 00:00:00,0.08,0,97622.28,0,0.0,stable
2025-02-11 01:00:00,0.08,50118,98095.43,0,0.0,stable
2025-02-11 02:00:00,0.08,161793,98457.29,0,0.0,stable
2025-02-11 03:00:00,0.08,0,98450.6,0,0.0,stable
2025-02-11 04:00:00,0.08,0,98307.63,369741824,0.0,stable
2025-02-11 05:00:00,0.08,0,98236.52,0,0.0,stable
2025-02-11 06:00:00,0.08,3429,98072.11,372322304,0.0,stable
2025-02-11 07:00:00,0.08,0,98005.55,0,0.0,stable
2025-02-11 08:00:00,0.08,0,98164.16,0,0.0,stable
2025-02-11 09:00:00,0.08,100877,97827.5,657750016,0.0,stable
2025-02-11 10:00:00,0.08,139647,96896.23,0,0.0,stable
2025-02-11 11:00:00,0.08,0,96998.94,421181440,0.0,stable
2025-02-11 12:00:00,0.08,0,97030.47,0,0.0,stable
2025-02-11 13:00:00,0.08,0,96344.03,230895616,0.0,stable
2025-02-11 14:00:00,0.08,11822,96099.77,1153454080,0.0,stable
2025-02-11 15:00:00,0.08,65090,95507.02,0,0.0,stable
2025-02-11 16:00:00,0.08,230590,95099.53,1422061568,0.0,stable
2025-02-11 17:00:00,0.08,44394,95241.06,1284599808,0.0,stable
2025-02-11 18:00:00,0.08,0,96247.8,321191936,0.0,stable
2025-02-11 19:00:00,0.08,0,95506.3,326344704,0.0,stable
2025-02-11 20:00:00,0.08,0,95740.73,846569472,0.0,stable
2025-02-11 21:00:00,0.08,156160,96075.57,0,0.0,stable
2025-02-11 22:00:00,0.08,163744,96161.03,0,0.0,stable
2025-02-11 23:00:00,0.08,0,95481.81,0,0.0,stable
2025-02-12 00:00:00,0.08,242871,95355.51,1016594432,0.0,stable
2025-02-12 01:00:00,0.08,168827,95496.15,877510656,0.0,stable
2025-02-12 02:00:00,0.08,0,95867.57,0,0.0,stable
2025-02-12 03:00:00,0.08,0,95806.0,241672192,0.0,stable
2025-02-12 04:00:00,0.08,191840,96051.98,119066624,0.0,stable
2025-02-12 05:00:00,0.08,162228,96325.35,216997888,0.0,stable
2025-02-12 06:00:00,0.08,0,96167.14,0,0.0,stable
2025-02-12 07:00:00,0.08,0,95962.48,157736960,0.0,stable
2025-02-12 08:00:00,0.08,207782,96065.94,167464960,0.0,stable
2025-02-12 09:00:00,0.08,53525,96090.09,309661696,0.0,stable
2025-02-12 10:00:00,0.08,802066,95096.52,3842019328,0.0,stable
2025-02-12 11:00:00,0.08,90858,95572.62,2344566784,0.0,stable
2025-02-12 12:00:00,0.08,526269,95778.69,2326253568,0.0,stable
2025-02-12 13:00:00,0.08,1338409,96952.41,0,0.0,stable
2025-02-12 14:00:00,0.08,1036836,97347.07,3808825344,0.0,stable
2025-02-12 15:00:00,0.08,0,96930.75,0,0.0,stable
2025-02-12 16:00:00,0.08,0,97193.65,0,0.0,stable
2025-02-12 17:00:00,0.08,0,97034.89,1728679936,0.0,stable
2025-02-12 18:00:00,0.08,124916,97695.61,15933440,12.499999999999993,up
2025-02-12 19:00:00,0.09,524440,97900.73,1026949120,-11.111111111111107,down
2025-02-12 20:00:00,0.08,0,97866.64,230301696,0.0,stable
2025-02-12 21:00:00,0.08,0,97810.34,0,12.499999999999993,up
2025-02-12 22:00:00,0.09,84898,98020.32,0,-11.111111111111107,down
2025-02-12 23:00:00,0.08,0,97478.36,0,12.499999999999993,up
2025-02-13 00:00:00,0.09,0,97502.54,0,-11.111111111111107,down
2025-02-13 01:00:00,0.08,0,96862.84,0,0.0,stable
2025-02-13 02:00:00,0.08,2162,96679.18,1344307200,0.0,stable
2025-02-13 03:00:00,0.08,0,95980.69,59428864,0.0,stable
2025-02-13 04:00:00,0.08,196570,96034.56,868605952,0.0,stable
2025-02-13 05:00:00,0.08,132860,95942.09,16203776,0.0,stable
2025-02-13 06:00:00,0.08,193952,96243.48,522895360,0.0,stable
2025-02-13 07:00:00,0.08,0,96152.91,24805376,0.0,stable
2025-02-13 08:00:00,0.08,0,95910.92,0,0.0,stable
2025-02-13 09:00:00,0.08,0,95818.52,511164416,0.0,stable
2025-02-13 10:00:00,0.08,0,96139.5,0,0.0,stable
2025-02-13 11:00:00,0.08,0,95906.03,0,0.0,stable
2025-02-13 12:00:00,0.08,0,95925.87,0,0.0,stable
2025-02-13 13:00:00,0.08,0,95294.98,0,0.0,stable
2025-02-13 14:00:00,0.08,0,95708.21,0,0.0,stable
2025-02-13 15:00:00,0.08,0,95927.18,0,0.0,stable
2025-02-13 16:00:00,0.08,0,95656.73,2053320704,0.0,stable
2025-02-13 17:00:00,0.08,0,96261.84,0,0.0,stable
2025-02-13 18:00:00,0.08,0,96459.54,0,0.0,stable
2025-02-13 19:00:00,0.08,0,96426.03,0,0.0,stable
2025-02-13 20:00:00,0.08,0,96635.02,0,0.0,stable
2025-02-13 21:00:00,0.08,13676,96768.05,174026752,0.0,stable
2025-02-13 22:00:00,0.08,0,96528.99,0,0.0,stable
2025-02-13 23:00:00,0.08,0,96611.66,0,0.0,stable
2025-02-14 00:00:00,0.08,0,97135.3,0,0.0,stable
2025-02-14 01:00:00,0.08,9011,96777.74,0,0.0,stable
2025-02-14 02:00:00,0.08,0,96718.59,251568128,0.0,stable
2025-02-14 03:00:00,0.08,0,96852.77,0,0.0,stable
2025-02-14 04:00:00,0.08,0,96987.06,0,0.0,stable
2025-02-14 05:00:00,0.08,0,96881.63,0,0.0,stable
2025-02-14 06:00:00,0.08,75704,97125.24,488927232,0.0,stable
2025-02-14 07:00:00,0.08,184395,97033.71,128049152,0.0,stable
2025-02-14 08:00:00,0.08,56127,96908.15,0,0.0,stable
2025-02-14 09:00:00,0.08,0,96649.34,179136512,0.0,stable
2025-02-14 10:00:00,0.08,0,96816.4,0,0.0,stable
2025-02-14 11:00:00,0.08,103818,97286.31,0,0.0,stable
2025-02-14 12:00:00,0.08,131791,96957.04,224151552,0.0,stable
2025-02-14 13:00:00,0.08,0,97517.94,0,0.0,stable
2025-02-14 14:00:00,0.08,160574,98700.95,2136637440,0.0,stable
2025-02-14 15:00:00,0.08,211786,98278.98,1712160768,0.0,stable
2025-02-14 16:00:00,0.08,0,97927.0,0,0.0,stable
2025-02-14 17:00:00,0.08,33654,97062.3,88965120,0.0,stable
2025-02-14 18:00:00,0.08,65537,97487.79,1486901248,0.0,stable
2025-02-14 19:00:00,0.08,0,97098.17,0,0.0,stable
2025-02-14 20:00:00,0.08,181494,97524.22,649467904,0.0,stable
2025-02-14 21:00:00,0.08,0,97457.21,141225984,0.0,stable
2025-02-14 22:00:00,0.08,62488,97812.97,0,0.0,stable
2025-02-14 23:00:00,0.08,0,97839.38,0,0.0,stable
2025-02-15 00:00:00,0.08,0,97699.73,514560000,0.0,stable
2025-02-15 01:00:00,0.08,0,97509.3,0,0.0,stable
2025-02-15 02:00:00,0.08,80360,97602.2,0,0.0,stable
2025-02-15 03:00:00,0.08,83698,97488.2,0,0.0,stable
2025-02-15 04:00:00,0.08,0,97391.67,0,0.0,stable
2025-02-15 05:00:00,0.08,0,97521.62,589467648,0.0,stable
2025-02-15 06:00:00,0.08,91048,97559.7,0,0.0,stable
2025-02-15 07:00:00,0.08,12037,97694.23,0,0.0,stable
2025-02-15 08:00:00,0.08,3017,97623.08,481648640,0.0,stable
2025-02-15 09:00:00,0.08,114009,97779.93,0,0.0,stable
2025-02-15 10:00:00,0.08,0,97758.67,0,0.0,stable
2025-02-15 11:00:00,0.08,0,97621.98,0,0.0,stable
2025-02-15 12:00:00,0.08,0,97640.99,0,0.0,stable
2025-02-15 13:00:00,0.08,0,97533.25,0,0.0,stable
2025-02-15 14:00:00,0.08,0,97403.12,0,0.0,stable
2025-02-15 15:00:00,0.08,0,97554.23,0,0.0,stable
2025-02-15 16:00:00,0.08,0,97574.12,0,0.0,stable
2025-02-15 17:00:00,0.08,96407,97521.48,0,0.0,stable
2025-02-15 18:00:00,0.08,0,97673.3,0,0.0,stable
2025-02-15 19:00:00,0.08,0,97531.11,398751744,0.0,stable
2025-02-15 20:00:00,0.08,0,97579.47,90080256,0.0,stable
2025-02-15 21:00:00,0.08,0,97626.84,0,0.0,stable
2025-02-15 22:00:00,0.08,0,97659.62,0,0.0,stable
2025-02-15 23:00:00,0.08,0,97534.62,645299200,0.0,stable
2025-02-16 00:00:00,0.08,132064,97558.05,0,0.0,stable
2025-02-16 01:00:00,0.08,0,97536.16,600890368,0.0,stable
2025-02-16 02:00:00,0.08,0,97618.99,0,0.0,stable
2025-02-16 03:00:00,0.08,0,97500.89,0,0.0,stable
2025-02-16 04:00:00,0.08,25678,97243.62,0,0.0,stable
2025-02-16 05:00:00,0.08,0,97176.92,860876800,0.0,stable
2025-02-16 06:00:00,0.08,0,97370.49,0,0.0,stable
2025-02-16 07:00:00,0.08,0,97200.03,1209800704,0.0,stable
2025-02-16 08:00:00,0.08,0,97338.57,0,0.0,stable
2025-02-16 09:00:00,0.08,0,97133.28,603999232,0.0,stable
2025-02-16 10:00:00,0.08,178336,96888.47,0,0.0,stable
2025-02-16 11:00:00,0.08,0,96975.27,582150144,0.0,stable
2025-02-16 12:00:00,0.08,0,96984.8,0,0.0,stable
2025-02-16 13:00:00,0.08,0,97050.19,0,0.0,stable
2025-02-16 14:00:00,0.08,0,96954.63,0,0.0,stable
2025-02-16 15:00:00,0.08,215968,96919.52,0,0.0,stable
2025-02-16 16:00:00,0.08,72031,97065.01,1290348544,0.0,stable
2025-02-16 17:00:00,0.08,0,96927.67,0,0.0,stable
2025-02-16 18:00:00,0.08,306884,97159.88,161660928,0.0,stable
2025-02-16 19:00:00,0.08,110744,96878.74,87073792,0.0,stable
2025-02-16 20:00:00,0.08,214954,96201.59,1539189760,0.0,stable
2025-02-16 21:00:00,0.08,173915,96289.29,684758016,0.0,stable
2025-02-16 22:00:00,0.08,241826,96508.51,0,0.0,stable
2025-02-16 23:00:00,0.08,74642,96187.44,19106816,0.0,stable
2025-02-17 00:00:00,0.08,0,96230.05,796747776,0.0,stable
2025-02-17 01:00:00,0.08,0,96094.66,391282688,0.0,stable
2025-02-17 02:00:00,0.08,279553,96241.78,112130048,0.0,stable
2025-02-17 03:00:00,0.08,235977,96371.05,1310777344,0.0,stable
2025-02-17 04:00:00,0.08,182516,96078.16,566769664,0.0,stable
2025-02-17 05:00:00,0.08,222597,96156.56,557676544,0.0,stable
2025-02-17 06:00:00,0.08,80934,96198.5,188229632,0.0,stable
2025-02-17 07:00:00,0.08,222962,96137.05,0,0.0,stable
2025-02-17 08:00:00,0.08,9656,96065.36,987707392,0.0,stable
2025-02-17 09:00:00,0.08,76487,96451.76,0,0.0,stable
2025-02-17 10:00:00,0.08,72166,96390.59,0,0.0,stable
2025-02-17 11:00:00,0.08,224939,96767.38,2005573632,0.0,stable
2025-02-17 12:00:00,0.08,1737389,95600.35,385988608,0.0,stable
2025-02-17 13:00:00,0.08,430141,95394.64,2946060288,0.0,stable
2025-02-17 14:00:00,0.08,148154,95580.14,107716608,0.0,stable
2025-02-17 15:00:00,0.08,0,95334.55,1128994816,0.0,stable
2025-02-17 16:00:00,0.08,167405,95568.09,498837504,0.0,stable
2025-02-17 17:00:00,0.08,46410,96026.6,497520640,0.0,stable
2025-02-17 18:00:00,0.08,0,96386.98,0,0.0,stable
2025-02-17 19:00:00,0.08,0,95936.94,12853248,0.0,stable
2025-02-17 20:00:00,0.08,0,95765.45,0,0.0,stable
2025-02-17 21:00:00,0.08,38036,95595.16,546478080,0.0,stable
2025-02-17 22:00:00,0.08,0,96265.68,0,0.0,stable
2025-02-17 23:00:00,0.08,0,96054.39,685152256,0.0,stable
2025-02-18 00:00:00,0.08,0,96192.22,0,0.0,stable
2025-02-18 01:00:00,0.08,0,96056.08,538640384,0.0,stable
2025-02-18 02:00:00,0.08,0,95592.45,0,-12.499999999999993,down
2025-02-18 03:00:00,0.07,0,95306.87,1798959104,0.0,stable
2025-02-18 04:00:00,0.07,0,95475.22,62337024,0.0,stable
2025-02-18 05:00:00,0.07,532,95228.65,195129344,14.285714285714276,up
2025-02-18 06:00:00,0.08,148695,95702.38,0,0.0,stable
2025-02-18 07:00:00,0.08,0,95733.4,0,0.0,stable
2025-02-18 08:00:00,0.08,0,95607.73,568115200,0.0,stable
2025-02-18 09:00:00,0.08,109847,96193.44,148576256,0.0,stable
2025-02-18 10:00:00,0.08,23109,96216.23,668819456,-12.499999999999993,down
2025-02-18 11:00:00,0.07,0,95646.02,399593472,0.0,stable
2025-02-18 12:00:00,0.07,0,95501.64,267593728,0.0,stable
2025-02-18 13:00:00,0.07,0,94643.4,0,0.0,stable
2025-02-18 14:00:00,0.07,137372,94095.66,1020100608,0.0,stable
2025-02-18 15:00:00,0.07,122387,93873.12,1683660800,0.0,stable
2025-02-18 16:00:00,0.07,13695,94083.2,2123788288,0.0,stable
2025-02-18 17:00:00,0.07,12315,94214.45,0,0.0,stable
2025-02-18 18:00:00,0.07,120215,94915.55,1983064064,0.0,stable
2025-02-18 19:00:00,0.07,102480,95234.38,1434935296,0.0,stable
2025-02-18 20:00:00,0.07,59161,95524.3,319275008,0.0,stable
2025-02-18 21:00:00,0.07,0,95269.75,228749312,0.0,stable
2025-02-18 22:00:00,0.07,0,95403.4,380502016,14.285714285714276,up
2025-02-18 23:00:00,0.08,659962,95735.45,1045356544,-12.499999999999993,down
2025-02-19 00:00:00,0.07,454578,95655.01,0,0.0,stable
2025-02-19 01:00:00,0.07,259327,95249.12,234881024,0.0,stable
2025-02-19 02:00:00,0.07,170856,95238.7,1076674560,14.285714285714276,up
2025-02-19 03:00:00,0.08,0,95576.34,0,0.0,stable
2025-02-19 04:00:00,0.08,15935,95731.96,402067456,0.0,stable
2025-02-19 05:00:00,0.08,0,95621.49,0,0.0,stable
2025-02-19 06:00:00,0.08,449243,95947.8,0,0.0,stable
2025-02-19 07:00:00,0.08,169997,96304.67,1451675648,0.0,stable
2025-02-19 08:00:00,0.08,118375,96359.79,123822080,0.0,stable
2025-02-19 09:00:00,0.08,0,96187.52,0,0.0,stable
2025-02-19 10:00:00,0.08,0,96303.85,202031104,0.0,stable
2025-02-19 11:00:00,0.08,2081,95855.47,0,0.0,stable
2025-02-19 12:00:00,0.08,0,95955.59,0,0.0,stable
2025-02-19 13:00:00,0.08,0,96245.84,0,0.0,stable
2025-02-19 14:00:00,0.08,0,96432.16,0,0.0,stable
2025-02-19 15:00:00,0.08,0,95661.72,0,0.0,stable
2025-02-19 16:00:00,0.08,0,96116.9,134600704,0.0,stable
2025-02-19 17:00:00,0.08,0,96208.54,0,0.0,stable
2025-02-19 18:00:00,0.08,0,96292.77,0,0.0,stable
2025-02-19 19:00:00,0.08,0,96537.16,0,0.0,stable
2025-02-19 20:00:00,0.08,0,96636.1,601972736,0.0,stable
2025-02-19 21:00:00,0.08,0,96837.08,0,0.0,stable
2025-02-19 22:00:00,0.08,0,96720.01,692264960,0.0,stable
2025-02-19 23:00:00,0.08,0,97201.87,0,0.0,stable
2025-02-20 00:00:00,0.08,0,97083.52,1534529536,0.0,stable
2025-02-20 01:00:00,0.08,0,97218.12,340649984,0.0,stable
2025-02-20 02:00:00,0.08,0,96919.11,0,0.0,stable
2025-02-20 03:00:00,0.08,0,96907.96,90304512,0.0,stable
2025-02-20 04:00:00,0.08,41417,96971.84,0,0.0,stable
2025-02-20 05:00:00,0.08,0,97174.85,0,0.0,stable
2025-02-20 06:00:00,0.08,0,97177.8,660498432,0.0,stable
2025-02-20 07:00:00,0.08,0,97372.98,0,0.0,stable
2025-02-20 08:00:00,0.08,0,97206.4,0,0.0,stable
2025-02-20 09:00:00,0.08,0,97430.51,945913856,0.0,stable
2025-02-20 10:00:00,0.08,100706,97546.59,0,0.0,stable
2025-02-20 11:00:00,0.08,0,97054.98,928319488,0.0,stable
2025-02-20 12:00:00,0.08,119411,96919.66,382717952,0.0,stable
2025-02-20 13:00:00,0.08,80581,97556.77,786679808,0.0,stable
2025-02-20 14:00:00,0.08,40510,98005.62,510427136,0.0,stable
2025-02-20 15:00:00,0.08,0,98337.13,1691473920,0.0,stable
2025-02-20 16:00:00,0.08,45156,98443.16,0,0.0,stable
2025-02-20 17:00:00,0.08,182188,98423.5,0,0.0,stable
2025-02-20 18:00:00,0.08,199078,98136.08,1125087232,0.0,stable
2025-02-20 19:00:00,0.08,0,98201.84,152301568,0.0,stable
2025-02-20 20:00:00,0.08,0,98337.09,0,0.0,stable
2025-02-20 21:00:00,0.08,30180,98252.29,189640704,0.0,stable
2025-02-20 22:00:00,0.08,0,98369.38,0,0.0,stable
2025-02-20 23:00:00,0.08,50323,98160.89,472440832,0.0,stable
2025-02-21 00:00:00,0.08,0,98177.39,0,0.0,stable
2025-02-21 01:00:00,0.08,177021,98228.59,0,0.0,stable
2025-02-21 02:00:00,0.08,196712,98361.61,0,0.0,stable
2025-02-21 03:00:00,0.08,28495,98412.41,0,0.0,stable
2025-02-21 04:00:00,0.08,0,98206.95,286978048,0.0,stable
2025-02-21 05:00:00,0.08,114320,98243.52,122910720,0.0,stable
2025-02-21 06:00:00,0.08,286473,98355.35,1197033472,0.0,stable
2025-02-21 07:00:00,0.08,183148,98603.62,530479104,0.0,stable
2025-02-21 08:00:00,0.08,39580,98658.14,598716416,0.0,stable
2025-02-21 09:00:00,0.08,16011,98944.73,0,0.0,stable
2025-02-21 10:00:00,0.08,191414,99392.0,2466197504,0.0,stable
2025-02-21 11:00:00,0.08,1751,98839.72,0,0.0,stable
2025-02-21 12:00:00,0.08,270503,98071.1,3873384448,0.0,stable
2025-02-21 13:00:00,0.08,180935,98245.66,3151556608,0.0,stable
2025-02-21 14:00:00,0.08,130760,97009.53,1825988608,0.0,stable
2025-02-21 15:00:00,0.08,182441,96547.62,1677185024,0.0,stable
2025-02-21 16:00:00,0.08,83324,95375.41,1941266432,0.0,stable
2025-02-21 17:00:00,0.08,82236,94966.31,2098737152,0.0,stable
2025-02-21 18:00:00,0.08,0,95339.37,540016640,0.0,stable
2025-02-21 19:00:00,0.08,361654,95803.28,862916608,0.0,stable
2025-02-21 20:00:00,0.08,0,96134.92,750792704,0.0,stable
2025-02-21 21:00:00,0.08,0,96161.02,279121920,0.0,stable
2025-02-21 22:00:00,0.08,0,96223.53,16863232,0.0,stable
2025-02-21 23:00:00,0.08,0,96315.79,0,0.0,stable
2025-02-22 00:00:00,0.08,172345,96290.86,0,0.0,stable
2025-02-22 01:00:00,0.08,0,96402.3,0,0.0,stable
2025-02-22 02:00:00,0.08,0,96491.34,0,0.0,stable
2025-02-22 03:00:00,0.08,0,96399.23,0,0.0,stable
2025-02-22 04:00:00,0.08,0,96344.38,0,0.0,stable
2025-02-22 05:00:00,0.08,0,96214.17,0,0.0,stable
2025-02-22 06:00:00,0.08,0,96468.94,0,0.0,stable
2025-02-22 07:00:00,0.08,62288,96488.84,500469760,0.0,stable
2025-02-22 08:00:00,0.08,0,96590.45,0,0.0,stable
2025-02-22 09:00:00,0.08,0,96856.45,0,0.0,stable
2025-02-22 10:00:00,0.08,0,96558.01,0,0.0,stable
2025-02-22 11:00:00,0.08,0,96557.21,0,0.0,stable
2025-02-22 12:00:00,0.08,0,96638.54,0,0.0,stable
2025-02-22 13:00:00,0.08,0,96537.1,0,0.0,stable
2025-02-22 14:00:00,0.08,0,96629.77,0,0.0,stable
2025-02-22 15:00:00,0.08,0,96442.3,0,0.0,stable
2025-02-22 16:00:00,0.08,0,96627.07,0,0.0,stable
2025-02-22 17:00:00,0.08,0,96585.56,0,0.0,stable
2025-02-22 18:00:00,0.08,1419895,96677.33,0,0.0,stable
2025-02-22 19:00:00,0.08,0,96638.1,0,0.0,stable
2025-02-22 20:00:00,0.08,183870,96580.26,0,0.0,stable
2025-02-22 21:00:00,0.08,36109,96648.23,0,0.0,stable
2025-02-22 22:00:00,0.08,0,96484.46,406853632,0.0,stable
2025-02-22 23:00:00,0.08,0,96428.85,0,0.0,stable
2025-02-23 00:00:00,0.08,0,96453.94,579642368,0.0,stable
2025-02-23 01:00:00,0.08,78472,96418.38,0,0.0,stable
2025-02-23 02:00:00,0.08,63611,96239.49,32309248,0.0,stable
2025-02-23 03:00:00,0.08,175884,96351.59,0,0.0,stable
2025-02-23 04:00:00,0.08,182512,96557.98,20264960,0.0,stable
2025-02-23 05:00:00,0.08,144966,96375.43,0,12.499999999999993,up
2025-02-23 06:00:00,0.09,9136638,96320.22,236633088,-11.111111111111107,down
2025-02-23 07:00:00,0.08,5083060,96177.21,0,0.0,stable
2025-02-23 08:00:00,0.08,2076424,96135.63,0,0.0,stable
2025-02-23 09:00:00,0.08,1178082,95727.05,120037376,0.0,stable
2025-02-23 10:00:00,0.08,895390,95948.71,159641600,0.0,stable
2025-02-23 11:00:00,0.08,462698,95696.21,0,12.499999999999993,up
2025-02-23 12:00:00,0.09,5575352,95469.65,0,0.0,stable
2025-02-23 13:00:00,0.09,12455748,95500.34,560153600,-11.111111111111107,down
2025-02-23 14:00:00,0.08,2588684,95665.65,35622912,0.0,stable
2025-02-23 15:00:00,0.08,1045668,95745.34,0,0.0,stable
2025-02-23 16:00:00,0.08,650864,95751.16,0,0.0,stable
2025-02-23 17:00:00,0.08,931812,95787.87,0,0.0,stable
2025-02-23 18:00:00,0.08,0,95768.49,0,0.0,stable
2025-02-23 19:00:00,0.08,259892,95865.23,883510272,0.0,stable
2025-02-23 20:00:00,0.08,279352,96277.33,71481344,0.0,stable
2025-02-23 21:00:00,0.08,471796,96296.41,1270552576,0.0,stable
2025-02-23 22:00:00,0.08,0,95980.05,514816000,0.0,stable
2025-02-23 23:00:00,0.08,326988,95807.92,1310318592,0.0,stable
2025-02-24 00:00:00,0.08,0,95527.7,288432128,0.0,stable
2025-02-24 01:00:00,0.08,290932,95288.12,1832683520,0.0,stable
2025-02-24 02:00:00,0.08,349040,95730.82,682344448,0.0,stable
2025-02-24 03:00:00,0.08,177452,95800.05,262068224,0.0,stable
2025-02-24 04:00:00,0.08,145296,95889.68,228610048,0.0,stable
2025-02-24 05:00:00,0.08,129084,95504.32,0,0.0,stable
2025-02-24 06:00:00,0.08,0,95790.73,1482668032,0.0,stable
2025-02-24 07:00:00,0.08,0,95649.98,31733760,0.0,stable
2025-02-24 08:00:00,0.08,0,95831.73,972570624,0.0,stable
2025-02-24 09:00:00,0.08,0,95774.62,0,0.0,stable
2025-02-24 10:00:00,0.08,0,95601.73,693639168,0.0,stable
2025-02-24 11:00:00,0.08,0,94637.49,1601986560,-12.499999999999993,down
2025-02-24 12:00:00,0.07,0,94246.83,4021092352,14.285714285714276,up
2025-02-24 13:00:00,0.08,0,94355.07,1412022272,0.0,stable
2025-02-24 14:00:00,0.08,0,94658.19,1079117824,0.0,stable
2025-02-24 15:00:00,0.08,0,94135.82,681553920,-12.499999999999993,down
2025-02-24 16:00:00,0.07,0,93894.87,1650999296,0.0,stable
2025-02-24 17:00:00,0.07,0,94042.59,1193791488,0.0,stable
2025-02-24 18:00:00,0.07,0,93997.89,1370865664,0.0,stable
2025-02-24 19:00:00,0.07,231635,92523.18,3285151744,0.0,stable
2025-02-24 20:00:00,0.07,447114,91393.39,2725085184,0.0,stable
2025-02-24 21:00:00,0.07,352381,91813.98,3140804608,0.0,stable
2025-02-24 22:00:00,0.07,13496,91970.92,2476904448,0.0,stable
2025-02-24 23:00:00,0.07,220552,92326.17,992305152,0.0,stable
2025-02-25 00:00:00,0.07,0,92197.3,488419328,0.0,stable
2025-02-25 01:00:00,0.07,0,91987.85,0,0.0,stable
2025-02-25 02:00:00,0.07,0,92003.67,1170288640,0.0,stable
2025-02-25 03:00:00,0.07,0,91227.82,0,0.0,stable
2025-02-25 04:00:00,0.07,594305,89398.48,7821660160,0.0,stable
2025-02-25 05:00:00,0.07,0,89376.82,3941507072,0.0,stable
2025-02-25 06:00:00,0.07,137312,88284.18,1963458560,0.0,stable
2025-02-25 07:00:00,0.07,321476,88192.28,6348173312,0.0,stable
2025-02-25 08:00:00,0.07,252347,89198.63,3444531200,0.0,stable
2025-02-25 09:00:00,0.07,78251,89261.98,1959886848,0.0,stable
2025-02-25 10:00:00,0.07,0,88818.21,2214944768,0.0,stable
2025-02-25 11:00:00,0.07,0,87084.98,1276043264,0.0,stable
2025-02-25 12:00:00,0.07,218545,87301.04,2926256128,0.0,stable
2025-02-25 13:00:00,0.07,196207,87449.52,3844669440,0.0,stable
2025-02-25 14:00:00,0.07,28516,87117.86,341843968,0.0,stable
2025-02-25 15:00:00,0.07,101078,86978.69,31965184,0.0,stable
2025-02-25 16:00:00,0.07,0,87863.09,1868382208,0.0,stable
2025-02-25 17:00:00,0.07,243862,88076.65,2607030272,0.0,stable
2025-02-25 18:00:00,0.07,0,88598.21,0,0.0,stable
2025-02-25 19:00:00,0.07,0,88737.2,102842368,0.0,stable
2025-02-25 20:00:00,0.07,0,88701.91,0,0.0,stable
2025-02-25 21:00:00,0.07,0,88059.8,0,0.0,stable
2025-02-25 22:00:00,0.07,0,88691.55,0,0.0,stable
2025-02-25 23:00:00,0.07,0,88931.64,0,0.0,stable
2025-02-26 00:00:00,0.07,0,88822.1,133988352,0.0,stable
2025-02-26 01:00:00,0.07,0,88737.63,0,0.0,stable
2025-02-26 02:00:00,0.07,0,88421.05,0,0.0,stable
2025-02-26 03:00:00,0.07,0,88800.77,2232434688,0.0,stable
2025-02-26 04:00:00,0.07,0,88659.97,0,0.0,stable
2025-02-26 05:00:00,0.07,0,88450.04,0,0.0,stable
2025-02-26 06:00:00,0.07,0,89055.55,0,0.0,stable
2025-02-26 07:00:00,0.07,0,89222.54,0,0.0,stable
2025-02-26 08:00:00,0.07,0,88611.85,0,0.0,stable
2025-02-26 09:00:00,0.07,0,87811.65,0,0.0,stable
2025-02-26 10:00:00,0.07,0,87053.23,0,0.0,stable
2025-02-26 11:00:00,0.07,330860,87432.48,1632796672,0.0,stable
2025-02-26 12:00:00,0.07,0,87413.84,0,0.0,stable
2025-02-26 13:00:00,0.07,0,86805.04,0,0.0,stable
2025-02-26 14:00:00,0.07,0,85626.46,0,0.0,stable
2025-02-26 15:00:00,0.07,447631,83982.59,4174999552,0.0,stable
2025-02-26 16:00:00,0.07,210643,83755.37,4787310592,0.0,stable
2025-02-26 17:00:00,0.07,291239,84382.95,0,0.0,stable
2025-02-26 18:00:00,0.07,243531,84336.38,3264200704,0.0,stable
2025-02-26 19:00:00,0.07,76303,84275.34,2340999168,0.0,stable
2025-02-26 20:00:00,0.07,0,83993.63,0,0.0,stable
2025-02-26 21:00:00,0.07,137235,84642.91,1022881792,0.0,stable
2025-02-26 22:00:00,0.07,191122,84706.55,2845286400,0.0,stable
2025-02-26 23:00:00,0.07,134117,84233.27,0,0.0,stable
2025-02-27 00:00:00,0.07,120914,85164.99,2459906048,0.0,stable
2025-02-27 01:00:00,0.07,0,85017.71,32808960,0.0,stable
2025-02-27 02:00:00,0.07,190215,85825.98,6201344,0.0,stable
2025-02-27 03:00:00,0.07,147810,86169.81,743981056,0.0,stable
2025-02-27 04:00:00,0.07,135771,86256.14,955465728,0.0,stable
2025-02-27 05:00:00,0.07,13434,85981.3,394551296,0.0,stable
2025-02-27 06:00:00,0.07,99054,86044.62,0,0.0,stable
2025-02-27 07:00:00,0.07,163858,86892.77,300687360,0.0,stable
2025-02-27 08:00:00,0.07,0,86640.77,0,0.0,stable
2025-02-27 09:00:00,0.07,0,86222.94,0,0.0,stable
2025-02-27 10:00:00,0.07,81039,86042.07,549568512,0.0,stable
2025-02-27 11:00:00,0.07,0,84982.12,0,0.0,stable
2025-02-27 12:00:00,0.07,0,85580.43,413724672,0.0,stable
2025-02-27 13:00:00,0.07,0,84347.98,0,0.0,stable
2025-02-27 14:00:00,0.07,0,84459.46,0,0.0,stable
2025-02-27 15:00:00,0.07,0,84702.92,0,0.0,stable
2025-02-27 16:00:00,0.07,0,84054.69,0,0.0,stable
2025-02-27 17:00:00,0.07,0,83613.76,0,0.0,stable
2025-02-27 18:00:00,0.07,0,84168.38,0,0.0,stable
2025-02-27 19:00:00,0.07,0,84515.7,0,0.0,stable
2025-02-27 20:00:00,0.07,5182,84763.91,0,0.0,stable
2025-02-27 21:00:00,0.07,0,84250.69,881909760,0.0,stable
2025-02-27 22:00:00,0.07,192512,82081.19,3071598592,0.0,stable
2025-02-27 23:00:00,0.07,573443,80687.6,5966905344,0.0,stable
2025-02-28 00:00:00,0.07,105733,80283.32,1235210240,0.0,stable
2025-02-28 01:00:00,0.07,421145,80266.17,3540869120,0.0,stable
2025-02-28 02:00:00,0.07,350765,79616.38,1543233536,0.0,stable
2025-02-28 03:00:00,0.07,236811,79398.23,5525696512,0.0,stable
2025-02-28 04:00:00,0.07,198830,79049.07,1653325824,0.0,stable
2025-02-28 05:00:00,0.07,414987,78942.57,0,0.0,stable
2025-02-28 06:00:00,0.07,321568,80267.11,5479399424,0.0,stable
2025-02-28 07:00:00,0.07,105754,79929.07,186572800,0.0,stable
2025-02-28 08:00:00,0.07,75895,80416.67,0,0.0,stable
2025-02-28 09:00:00,0.07,111821,80705.63,1861361664,0.0,stable
2025-02-28 10:00:00,0.07,486920,81466.13,1068294144,0.0,stable
2025-02-28 11:00:00,0.07,69898,81949.62,1399799808,0.0,stable
2025-02-28 12:00:00,0.07,172741,83971.32,1526767616,0.0,stable
2025-02-28 13:00:00,0.07,187879,84407.16,1399037952,0.0,stable
2025-02-28 14:00:00,0.07,218907,83610.41,0,0.0,stable
2025-02-28 15:00:00,0.07,301785,84385.39,1585643520,0.0,stable
2025-02-28 16:00:00,0.07,0,84374.55,971931648,0.0,stable
2025-02-28 17:00:00,0.07,0,84320.76,0,0.0,stable
2025-02-28 18:00:00,0.07,8228,84189.39,0,0.0,stable
2025-02-28 19:00:00,0.07,92294,84134.27,0,0.0,stable
2025-02-28 20:00:00,0.07,37870,84374.02,0,0.0,stable
2025-02-28 21:00:00,0.07,0,83832.05,692592640,0.0,stable
2025-02-28 22:00:00,0.07,0,84626.72,0,0.0,stable
2025-02-28 23:00:00,0.07,0,85215.45,0,0.0,stable
2025-03-01 00:00:00,0.07,0,85235.55,0,0.0,stable
2025-03-01 01:00:00,0.07,0,86208.7,0,0.0,stable
2025-03-01 02:00:00,0.07,0,85599.2,0,0.0,stable
2025-03-01 03:00:00,0.07,0,85017.72,0,0.0,stable
2025-03-01 04:00:00,0.07,0,84726.09,0,0.0,stable
2025-03-01 05:00:00,0.07,0,85285.7,0,0.0,stable
2025-03-01 06:00:00,0.07,0,85324.27,0,0.0,stable
2025-03-01 07:00:00,0.07,0,84791.41,0,0.0,stable
2025-03-01 08:00:00,0.07,0,84591.55,0,0.0,stable
2025-03-01 09:00:00,0.07,0,84754.96,0,0.0,stable
2025-03-01 10:00:00,0.07,0,84457.32,0,0.0,stable
2025-03-01 11:00:00,0.07,0,84664.78,0,0.0,stable
2025-03-01 12:00:00,0.07,0,84757.49,0,0.0,stable
2025-03-01 13:00:00,0.07,0,85178.41,0,0.0,stable
2025-03-01 14:00:00,0.07,0,85179.88,0,0.0,stable
2025-03-01 15:00:00,0.07,0,85269.26,0,0.0,stable
2025-03-01 16:00:00,0.07,0,85425.27,0,0.0,stable
2025-03-01 17:00:00,0.07,0,85453.6,0,0.0,stable
2025-03-01 18:00:00,0.07,0,85966.15,0,0.0,stable
2025-03-01 19:00:00,0.07,0,86079.55,942098432,0.0,stable
2025-03-01 20:00:00,0.07,0,86039.76,0,0.0,stable
2025-03-01 21:00:00,0.07,0,85988.09,171909120,0.0,stable
2025-03-01 22:00:00,0.07,0,86305.27,0,0.0,stable
2025-03-01 23:00:00,0.07,0,85671.16,0,0.0,stable
2025-03-02 00:00:00,0.07,0,85876.81,224946176,0.0,stable
2025-03-02 01:00:00,0.07,0,85680.7,0,0.0,stable
2025-03-02 02:00:00,0.07,0,85900.98,0,0.0,stable
2025-03-02 03:00:00,0.07,0,86237.95,0,0.0,stable
2025-03-02 04:00:00,0.07,0,86202.18,0,0.0,stable
2025-03-02 05:00:00,0.07,0,85747.68,0,0.0,stable
2025-03-02 06:00:00,0.07,82454,85966.28,112064512,0.0,stable
2025-03-02 07:00:00,0.07,0,85953.05,0,0.0,stable
2025-03-02 08:00:00,0.07,0,86088.3,0,0.0,stable
2025-03-02 09:00:00,0.07,0,85935.67,0,0.0,stable
2025-03-02 10:00:00,0.07,0,85609.31,0,0.0,stable
2025-03-02 11:00:00,0.07,0,85058.88,0,0.0,stable
2025-03-02 12:00:00,0.07,861347,87533.59,6875162624,0.0,stable
2025-03-02 13:00:00,0.07,2042705,91515.85,8749033472,14.285714285714276,up
2025-03-02 14:00:00,0.08,1221024,94013.33,9698570240,0.0,stable
2025-03-02 15:00:00,0.08,505274,92928.2,4785913856,0.0,stable
2025-03-02 16:00:00,0.08,189164,93525.1,2039693312,0.0,stable
2025-03-02 17:00:00,0.08,197721,94421.73,2380861440,0.0,stable
2025-03-02 18:00:00,0.08,186747,94161.79,1693671424,0.0,stable
2025-03-02 19:00:00,0.08,32248,94450.45,1183977472,0.0,stable
2025-03-02 20:00:00,0.08,542230,94247.12,1403568128,0.0,stable
2025-03-02 21:00:00,0.08,330632,93371.13,2272235520,0.0,stable
2025-03-02 22:00:00,0.08,181351,93088.61,3145031680,-12.499999999999993,down
2025-03-02 23:00:00,0.07,192118,93272.41,390270976,0.0,stable
2025-03-03 00:00:00,0.07,88513,92698.84,2321981440,0.0,stable
2025-03-03 01:00:00,0.07,190466,92818.95,679452672,0.0,stable
2025-03-03 02:00:00,0.07,194092,93231.82,915214336,0.0,stable
2025-03-03 03:00:00,0.07,0,91387.09,0,0.0,stable
2025-03-03 04:00:00,0.07,180423,92395.46,1701994496,0.0,stable
2025-03-03 05:00:00,0.07,47376,91341.07,1488658432,0.0,stable
2025-03-03 06:00:00,0.07,300524,91879.14,2380922880,0.0,stable
2025-03-03 07:00:00,0.07,43696,92493.39,1207525376,0.0,stable
2025-03-03 08:00:00,0.07,39849,92667.03,666451968,0.0,stable
2025-03-03 09:00:00,0.07,276663,92971.62,599531520,0.0,stable
2025-03-03 10:00:00,0.07,159337,93450.3,856317952,0.0,stable
2025-03-03 11:00:00,0.07,382056,89657.68,1696849920,0.0,stable
2025-03-03 12:00:00,0.07,405915,90045.55,2234048512,0.0,stable
2025-03-03 13:00:00,0.07,0,90150.11,0,0.0,stable
2025-03-03 14:00:00,0.07,0,90238.27,0,0.0,stable
2025-03-03 15:00:00,0.07,22061,87175.28,81858560,0.0,stable
2025-03-03 16:00:00,0.07,308412,85657.05,1890635776,0.0,stable
2025-03-03 17:00:00,0.07,422616,85929.88,2980102144,0.0,stable
2025-03-03 18:00:00,0.07,30360,85105.41,0,0.0,stable
2025-03-03 19:00:00,0.07,265692,86709.21,1734221824,0.0,stable
